-- phpMyAdmin SQL Dump
-- version 5.1.1
-- https://www.phpmyadmin.net/
--
-- Host: 127.0.0.1
-- Waktu pembuatan: 06 Jun 2023 pada 05.57
-- Versi server: 10.4.22-MariaDB
-- Versi PHP: 7.4.27

SET SQL_MODE = "NO_AUTO_VALUE_ON_ZERO";
START TRANSACTION;
SET time_zone = "+00:00";


/*!40101 SET @OLD_CHARACTER_SET_CLIENT=@@CHARACTER_SET_CLIENT */;
/*!40101 SET @OLD_CHARACTER_SET_RESULTS=@@CHARACTER_SET_RESULTS */;
/*!40101 SET @OLD_COLLATION_CONNECTION=@@COLLATION_CONNECTION */;
/*!40101 SET NAMES utf8mb4 */;

--
-- Database: `pariwisata_sangihe`
--

-- --------------------------------------------------------

--
-- Struktur dari tabel `daerahs`
--

CREATE TABLE `daerahs` (
  `id` bigint(20) UNSIGNED NOT NULL,
  `nama_daerah` varchar(255) COLLATE utf8mb4_unicode_ci NOT NULL,
  `penjelasan_daerah` text COLLATE utf8mb4_unicode_ci NOT NULL,
  `gambar` varchar(255) COLLATE utf8mb4_unicode_ci DEFAULT NULL,
  `created_at` timestamp NULL DEFAULT NULL,
  `updated_at` timestamp NULL DEFAULT NULL
) ENGINE=InnoDB DEFAULT CHARSET=utf8mb4 COLLATE=utf8mb4_unicode_ci;

--
-- Dumping data untuk tabel `daerahs`
--

INSERT INTO `daerahs` (`id`, `nama_daerah`, `penjelasan_daerah`, `gambar`, `created_at`, `updated_at`) VALUES
(5, 'Manganitu', '<p>Manganitu adalah sebuah kecamatan di Kabupaten Kepulauan Sangihe, Sulawesi Utara, Indonesia. Kecamatan manganitu memiliki etnis sosial yang sangat erat dengan kebudayaan</p>', '1679645030781.manganitu.jfif', '2023-03-24 01:03:50', '2023-03-24 01:03:50'),
(6, 'Manganitu Selatan', '<p>Manganitu Selatan adalah sebuah kecamatan di Kabupaten Kepulauan Sangihe, Sulawesi Utara, Indonesia</p>', '1679645126562.manganitu selatan.jfif', '2023-03-24 01:05:26', '2023-03-24 01:05:26'),
(7, 'Tatoareng', '<p>Tatoareng adalah sebuah kecamatan di Kabupaten Kepulauan Sangihe, Sulawesi Utara, Indonesia</p>', '1679645230240.tatoareng.jpeg', '2023-03-24 01:07:10', '2023-03-24 01:07:10'),
(8, 'Tamako', '<p>Tamako adalah sebuah kecamatan di Kabupaten Kepulauan Sangihe, Sulawesi Utara, Indonesia. Sanger Tamako dikenal sebagai tempat kelahiran pelawak stand up comedy Mongol</p>', '1679645415706.tamako.jfif', '2023-03-24 01:10:15', '2023-03-24 01:10:15'),
(9, 'Tabukan Selatan', '<p>Tabukan Selatan adalah sebuah kecamatan di Kabupaten Kepulauan Sangihe, Sulawesi Utara, Indonesia. Terletak pada posisi 1058 22 BT dan 03-43 LU</p>', '1679645532308.tabsel.jpg', '2023-03-24 01:12:12', '2023-03-24 01:12:12'),
(10, 'Tabukan Selatan Tenggara', '<p>Tabukan Selatan Tenggara adalah sebuah kecamatan di Kabupaten Kepulauan Sangihe, Sulawesi Utara, Indonesia.</p>', '1679645750990.cr boy packer.jpg', '2023-03-24 01:15:50', '2023-03-24 01:15:50'),
(11, 'Tabukan Selatan Tengah', '<p>Tabukan Selatan Tengah adalah sebuah kecamatan di Kabupaten Kepulauan Sangihe, Sulawesi Utara, Indonesia</p>', '1679645992154.cr pos 2.jpg', '2023-03-24 01:19:52', '2023-03-24 01:19:52'),
(12, 'Tabukan Tengah', '<p>Tabukan Tengah adalah sebuah kecamatan di Kabupaten Kepulauan Sangihe, Sulawesi Utara, Indonesia</p>', '1679646314338.tabteng fix.jpg', '2023-03-24 01:25:14', '2023-03-24 01:25:14'),
(13, 'Tahuna', '<p>Tahuna adalah sebuah kecamatan yang juga merupakan ibukota Kabupaten Kepulauan Sangihe, Sulawesi Utara, Indonesia.</p>', '1679646595180.tahunaa.jpg', '2023-03-24 01:29:55', '2023-03-24 01:29:55'),
(14, 'Tabukan Utara', '<p>Tabukan Utara adalah sebuah kecamatan di Kabupaten Kepulauan Sangihe, Sulawesi Utara, Indonesia</p>', '1679646821994.credits ch37ya.jpg', '2023-03-24 01:33:41', '2023-03-24 01:33:41'),
(15, 'Nusa Tabukan', '<p>Nusa Tabukan adalah sebuah kecamatan di Kabupaten Kepulauan Sangihe, Sulawesi Utara, Indonesia</p>', '1679646872597.nustab.jpg', '2023-03-24 01:34:32', '2023-03-24 01:34:32'),
(16, 'Marore', '<p>Marore merupakan salah satu desa yang berada di kecamatan Kepulauan Marore, Kabupaten Kepulauan Sangihe, provinsi Sulawesi Utara, Indonesia</p>', '1679647058140.marore.jpg', '2023-03-24 01:37:38', '2023-03-24 01:37:38'),
(17, 'Kendahe', '<p>Kendahe merupakan salah satu kecamatan yang ada di Kabupaten Kepulauan Sangihe, provinsi Sulawesi Utara, Indonesia</p>', '1679647302840.cr ag2.jpg', '2023-03-24 01:41:42', '2023-03-24 01:41:42');

-- --------------------------------------------------------

--
-- Struktur dari tabel `failed_jobs`
--

CREATE TABLE `failed_jobs` (
  `id` bigint(20) UNSIGNED NOT NULL,
  `uuid` varchar(255) COLLATE utf8mb4_unicode_ci NOT NULL,
  `connection` text COLLATE utf8mb4_unicode_ci NOT NULL,
  `queue` text COLLATE utf8mb4_unicode_ci NOT NULL,
  `payload` longtext COLLATE utf8mb4_unicode_ci NOT NULL,
  `exception` longtext COLLATE utf8mb4_unicode_ci NOT NULL,
  `failed_at` timestamp NOT NULL DEFAULT current_timestamp()
) ENGINE=InnoDB DEFAULT CHARSET=utf8mb4 COLLATE=utf8mb4_unicode_ci;

-- --------------------------------------------------------

--
-- Struktur dari tabel `fasilitas`
--

CREATE TABLE `fasilitas` (
  `id` bigint(20) UNSIGNED NOT NULL,
  `fasilitas` varchar(100) COLLATE utf8mb4_unicode_ci NOT NULL,
  `created_at` timestamp NULL DEFAULT NULL,
  `updated_at` timestamp NULL DEFAULT NULL
) ENGINE=InnoDB DEFAULT CHARSET=utf8mb4 COLLATE=utf8mb4_unicode_ci;

--
-- Dumping data untuk tabel `fasilitas`
--

INSERT INTO `fasilitas` (`id`, `fasilitas`, `created_at`, `updated_at`) VALUES
(1, 'Homestay / Penginapan', '2023-02-02 04:37:01', '2023-03-24 08:31:56'),
(2, 'Toilet', '2023-02-02 07:46:45', '2023-02-02 07:46:45'),
(3, 'Tempat Parkir', '2023-02-02 07:46:56', '2023-02-02 07:46:56'),
(4, 'Resepsionis', '2023-02-02 07:47:06', '2023-02-02 07:47:06'),
(5, 'Tes', NULL, NULL);

-- --------------------------------------------------------

--
-- Struktur dari tabel `gambars`
--

CREATE TABLE `gambars` (
  `id` bigint(20) UNSIGNED NOT NULL,
  `id_wisata` bigint(20) UNSIGNED DEFAULT NULL,
  `nama_file` varchar(255) COLLATE utf8mb4_unicode_ci NOT NULL,
  `created_at` timestamp NULL DEFAULT NULL,
  `updated_at` timestamp NULL DEFAULT NULL
) ENGINE=InnoDB DEFAULT CHARSET=utf8mb4 COLLATE=utf8mb4_unicode_ci;

--
-- Dumping data untuk tabel `gambars`
--

INSERT INTO `gambars` (`id`, `id_wisata`, `nama_file`, `created_at`, `updated_at`) VALUES
(40, 11, '16796574516.jpg', '2023-03-24 04:30:51', '2023-03-24 04:30:51'),
(41, 11, '16796574524.jpg', '2023-03-24 04:30:52', '2023-03-24 04:30:52'),
(42, 11, '167965745257.jpg', '2023-03-24 04:30:52', '2023-03-24 04:30:52'),
(43, 11, '167965745282.jpg', '2023-03-24 04:30:52', '2023-03-24 04:30:52'),
(44, 11, '167965745389.jpg', '2023-03-24 04:30:53', '2023-03-24 04:30:53'),
(45, 11, '167965745473.jpg', '2023-03-24 04:30:54', '2023-03-24 04:30:54'),
(46, 12, '167965772694.jpg', '2023-03-24 04:35:26', '2023-03-24 04:35:26'),
(47, 12, '167965772890.jpg', '2023-03-24 04:35:28', '2023-03-24 04:35:28'),
(48, 12, '167965773026.jpg', '2023-03-24 04:35:30', '2023-03-24 04:35:30'),
(49, 12, '167965774624.jpg', '2023-03-24 04:35:46', '2023-03-24 04:35:46'),
(50, 13, '167965787641.jpg', '2023-03-24 04:37:56', '2023-03-24 04:37:56'),
(51, 13, '16796578767.jpg', '2023-03-24 04:37:56', '2023-03-24 04:37:56'),
(52, 13, '16796578768.jpg', '2023-03-24 04:37:56', '2023-03-24 04:37:56'),
(53, 14, '16796581085.jpg', '2023-03-24 04:41:48', '2023-03-24 04:41:48'),
(54, 14, '167965810948.jpg', '2023-03-24 04:41:49', '2023-03-24 04:41:49'),
(55, 14, '167965811999.jpg', '2023-03-24 04:41:59', '2023-03-24 04:41:59'),
(56, 14, '167965824158.jpg', '2023-03-24 04:44:01', '2023-03-24 04:44:01'),
(57, 14, '167965824290.jpg', '2023-03-24 04:44:02', '2023-03-24 04:44:02'),
(58, 14, '167965825275.jpg', '2023-03-24 04:44:12', '2023-03-24 04:44:12'),
(59, 15, '167965848628.jpg', '2023-03-24 04:48:06', '2023-03-24 04:48:06'),
(60, 15, '167965848753.jpg', '2023-03-24 04:48:07', '2023-03-24 04:48:07'),
(61, 15, '167965848731.jpg', '2023-03-24 04:48:07', '2023-03-24 04:48:07'),
(62, 15, '167965858884.jpg', '2023-03-24 04:49:48', '2023-03-24 04:49:48'),
(63, 15, '167965860359.jpg', '2023-03-24 04:50:03', '2023-03-24 04:50:03'),
(64, 15, '16796586376.jpg', '2023-03-24 04:50:37', '2023-03-24 04:50:37'),
(65, 16, '167965879673.jpg', '2023-03-24 04:53:16', '2023-03-24 04:53:16'),
(66, 16, '167965879654.jpg', '2023-03-24 04:53:16', '2023-03-24 04:53:16'),
(67, 16, '167965879614.jpg', '2023-03-24 04:53:16', '2023-03-24 04:53:16'),
(68, 16, '167965879660.jpg', '2023-03-24 04:53:16', '2023-03-24 04:53:16'),
(69, 16, '167965879690.jpg', '2023-03-24 04:53:16', '2023-03-24 04:53:16'),
(70, 16, '167965879720.jpg', '2023-03-24 04:53:17', '2023-03-24 04:53:17'),
(71, 17, '16796592128.jpg', '2023-03-24 05:00:12', '2023-03-24 05:00:12'),
(72, 17, '167965921297.jpg', '2023-03-24 05:00:12', '2023-03-24 05:00:12'),
(73, 17, '167965921289.jpg', '2023-03-24 05:00:12', '2023-03-24 05:00:12'),
(74, 17, '167965921243.jpg', '2023-03-24 05:00:12', '2023-03-24 05:00:12'),
(75, 17, '167965921331.jpg', '2023-03-24 05:00:13', '2023-03-24 05:00:13'),
(76, 17, '167965921384.jpg', '2023-03-24 05:00:13', '2023-03-24 05:00:13'),
(77, 17, '167965921334.jpg', '2023-03-24 05:00:13', '2023-03-24 05:00:13'),
(78, 18, '167965941235.jpg', '2023-03-24 05:03:33', '2023-03-24 05:03:33'),
(79, 18, '167965941447.jpg', '2023-03-24 05:03:35', '2023-03-24 05:03:35'),
(80, 18, '167965944878.jpg', '2023-03-24 05:04:09', '2023-03-24 05:04:09'),
(81, 18, '167965944985.jpg', '2023-03-24 05:04:10', '2023-03-24 05:04:10'),
(82, 18, '167965949177.jpg', '2023-03-24 05:04:52', '2023-03-24 05:04:52'),
(83, 18, '167965949399.jpg', '2023-03-24 05:04:53', '2023-03-24 05:04:53'),
(84, 18, '167965953340.jpg', '2023-03-24 05:05:34', '2023-03-24 05:05:34'),
(85, 18, '167965953851.jpg', '2023-03-24 05:05:38', '2023-03-24 05:05:38'),
(86, 18, '167966170259.', '2023-03-24 05:41:42', '2023-03-24 05:41:42'),
(87, 18, '167966181748.', '2023-03-24 05:43:37', '2023-03-24 05:43:37'),
(88, 18, '167966183659.', '2023-03-24 05:43:56', '2023-03-24 05:43:56'),
(89, 18, '167966186146.', '2023-03-24 05:44:21', '2023-03-24 05:44:21'),
(90, 18, '167966186726.', '2023-03-24 05:44:27', '2023-03-24 05:44:27'),
(91, 18, '167966187599.', '2023-03-24 05:44:35', '2023-03-24 05:44:35'),
(92, 18, '167966187955.', '2023-03-24 05:44:39', '2023-03-24 05:44:39'),
(93, 18, '167966188379.', '2023-03-24 05:44:43', '2023-03-24 05:44:43'),
(94, 18, '167966188775.', '2023-03-24 05:44:47', '2023-03-24 05:44:47'),
(95, 18, '16796618911.', '2023-03-24 05:44:51', '2023-03-24 05:44:51'),
(96, 19, '167966267041.jpg', '2023-03-24 05:57:50', '2023-03-24 05:57:50'),
(97, 19, '167966267161.jpg', '2023-03-24 05:57:51', '2023-03-24 05:57:51'),
(98, 19, '16796626711.jpg', '2023-03-24 05:57:51', '2023-03-24 05:57:51'),
(99, 19, '167966267193.jpg', '2023-03-24 05:57:51', '2023-03-24 05:57:51'),
(100, 19, '16796626724.jpg', '2023-03-24 05:57:52', '2023-03-24 05:57:52'),
(101, 19, '167966267231.jpg', '2023-03-24 05:57:52', '2023-03-24 05:57:52'),
(102, 19, '167966267384.jpg', '2023-03-24 05:57:53', '2023-03-24 05:57:53'),
(103, 20, '167967215290.jpg', '2023-03-24 08:35:52', '2023-03-24 08:35:52'),
(104, 20, '167967215360.jpg', '2023-03-24 08:35:53', '2023-03-24 08:35:53'),
(105, 20, '167967215346.jpg', '2023-03-24 08:35:53', '2023-03-24 08:35:53'),
(106, 20, '16796721531.jpg', '2023-03-24 08:35:53', '2023-03-24 08:35:53'),
(107, 20, '167967215349.jpg', '2023-03-24 08:35:53', '2023-03-24 08:35:53'),
(108, 20, '167967215341.jpg', '2023-03-24 08:35:53', '2023-03-24 08:35:53'),
(109, 20, '16796721535.jpg', '2023-03-24 08:35:53', '2023-03-24 08:35:53'),
(110, 20, '167967215480.jpg', '2023-03-24 08:35:54', '2023-03-24 08:35:54'),
(111, 20, '167967215452.jpg', '2023-03-24 08:35:54', '2023-03-24 08:35:54'),
(112, 20, '167967215495.jpg', '2023-03-24 08:35:54', '2023-03-24 08:35:54'),
(113, 20, '167967215416.jpg', '2023-03-24 08:35:54', '2023-03-24 08:35:54'),
(114, 20, '167967215644.jpg', '2023-03-24 08:35:56', '2023-03-24 08:35:56'),
(115, 21, '167967253384.jpg', '2023-03-24 08:42:13', '2023-03-24 08:42:13'),
(116, 21, '167967253850.jpg', '2023-03-24 08:42:18', '2023-03-24 08:42:18'),
(117, 21, '167967254797.jpg', '2023-03-24 08:42:27', '2023-03-24 08:42:27'),
(118, 21, '167967255245.jpg', '2023-03-24 08:42:32', '2023-03-24 08:42:32'),
(119, 21, '167967255924.jpg', '2023-03-24 08:42:39', '2023-03-24 08:42:39'),
(120, 21, '167967256383.jpg', '2023-03-24 08:42:43', '2023-03-24 08:42:43'),
(121, 21, '167967256470.jpg', '2023-03-24 08:42:44', '2023-03-24 08:42:44'),
(122, 21, '167967256833.jpg', '2023-03-24 08:42:48', '2023-03-24 08:42:48'),
(123, 21, '167967257148.jpg', '2023-03-24 08:42:51', '2023-03-24 08:42:51'),
(124, 21, '167967257689.jpg', '2023-03-24 08:42:56', '2023-03-24 08:42:56'),
(125, 21, '167967257778.jpg', '2023-03-24 08:42:57', '2023-03-24 08:42:57'),
(126, 21, '167967257750.jpg', '2023-03-24 08:42:57', '2023-03-24 08:42:57'),
(127, 21, '167967258611.jpg', '2023-03-24 08:43:06', '2023-03-24 08:43:06'),
(128, 21, '167967258942.jpg', '2023-03-24 08:43:09', '2023-03-24 08:43:09'),
(129, 21, '167967260891.jpg', '2023-03-24 08:43:28', '2023-03-24 08:43:28'),
(130, 21, '167967261183.jpg', '2023-03-24 08:43:31', '2023-03-24 08:43:31'),
(131, 21, '167967262254.jpg', '2023-03-24 08:43:42', '2023-03-24 08:43:42'),
(132, 21, '167967262741.jpg', '2023-03-24 08:43:47', '2023-03-24 08:43:47'),
(133, 21, '167967263717.jpg', '2023-03-24 08:43:57', '2023-03-24 08:43:57'),
(134, 21, '167967269043.jpg', '2023-03-24 08:44:51', '2023-03-24 08:44:51'),
(135, 21, '167967299243.jpg', '2023-03-24 08:49:52', '2023-03-24 08:49:52'),
(136, 21, '167967299378.jpg', '2023-03-24 08:49:53', '2023-03-24 08:49:53'),
(137, 21, '167967299436.jpg', '2023-03-24 08:49:54', '2023-03-24 08:49:54'),
(138, 21, '167967299723.jpg', '2023-03-24 08:49:57', '2023-03-24 08:49:57'),
(139, 21, '167967299817.jpg', '2023-03-24 08:49:58', '2023-03-24 08:49:58'),
(140, 21, '167967300483.jpg', '2023-03-24 08:50:04', '2023-03-24 08:50:04'),
(141, 21, '167967301234.jpg', '2023-03-24 08:50:12', '2023-03-24 08:50:12'),
(142, 21, '167967301364.jpg', '2023-03-24 08:50:13', '2023-03-24 08:50:13'),
(143, 21, '16796730219.jpg', '2023-03-24 08:50:21', '2023-03-24 08:50:21'),
(144, 21, '167967302291.jpg', '2023-03-24 08:50:22', '2023-03-24 08:50:22'),
(145, 21, '167967303034.jpg', '2023-03-24 08:50:30', '2023-03-24 08:50:30'),
(146, 21, '16796730317.jpg', '2023-03-24 08:50:31', '2023-03-24 08:50:31'),
(147, 21, '167967303969.jpg', '2023-03-24 08:50:39', '2023-03-24 08:50:39'),
(148, 21, '167967304068.jpg', '2023-03-24 08:50:40', '2023-03-24 08:50:40'),
(149, 21, '167967304068.jpg', '2023-03-24 08:50:40', '2023-03-24 08:50:40'),
(150, 22, '167967346325.jpg', '2023-03-24 08:57:43', '2023-03-24 08:57:43'),
(151, 22, '167967346371.jpg', '2023-03-24 08:57:43', '2023-03-24 08:57:43'),
(152, 22, '167967346492.jpg', '2023-03-24 08:57:44', '2023-03-24 08:57:44'),
(153, 22, '167967346660.jpg', '2023-03-24 08:57:46', '2023-03-24 08:57:46'),
(154, 23, '167967461361.jpg', '2023-03-24 09:16:53', '2023-03-24 09:16:53'),
(155, 23, '167967461415.jpg', '2023-03-24 09:16:54', '2023-03-24 09:16:54'),
(156, 23, '167967461562.jpg', '2023-03-24 09:16:55', '2023-03-24 09:16:55'),
(157, 23, '167967461919.jpg', '2023-03-24 09:16:59', '2023-03-24 09:16:59'),
(158, 23, '167967462133.jpg', '2023-03-24 09:17:01', '2023-03-24 09:17:01'),
(159, 23, '16796746213.jpg', '2023-03-24 09:17:01', '2023-03-24 09:17:01'),
(160, 23, '167967462121.jpg', '2023-03-24 09:17:01', '2023-03-24 09:17:01'),
(161, 23, '16796746242.jpg', '2023-03-24 09:17:04', '2023-03-24 09:17:04'),
(162, 23, '167967462482.jpg', '2023-03-24 09:17:04', '2023-03-24 09:17:04'),
(163, 23, '167967462489.jpg', '2023-03-24 09:17:04', '2023-03-24 09:17:04'),
(164, 23, '167967462560.jpg', '2023-03-24 09:17:05', '2023-03-24 09:17:05'),
(165, 24, '167967538159.jpg', '2023-03-24 09:29:41', '2023-03-24 09:29:41'),
(166, 24, '167967538438.jpg', '2023-03-24 09:29:44', '2023-03-24 09:29:44'),
(167, 24, '167967538765.jpg', '2023-03-24 09:29:47', '2023-03-24 09:29:47'),
(168, 24, '167967547333.jpg', '2023-03-24 09:31:13', '2023-03-24 09:31:13'),
(169, 24, '167967547345.jpg', '2023-03-24 09:31:13', '2023-03-24 09:31:13'),
(170, 24, '167967547525.jpg', '2023-03-24 09:31:15', '2023-03-24 09:31:15'),
(171, 26, '167967595435.jpg', '2023-03-24 09:39:14', '2023-03-24 09:39:14'),
(172, 26, '167967595552.jpg', '2023-03-24 09:39:15', '2023-03-24 09:39:15'),
(173, 26, '167967595770.jpg', '2023-03-24 09:39:17', '2023-03-24 09:39:17'),
(174, 27, '167967651720.jpg', '2023-03-24 09:48:37', '2023-03-24 09:48:37'),
(175, 27, '16796765176.jpg', '2023-03-24 09:48:37', '2023-03-24 09:48:37'),
(176, 27, '167967651886.jpg', '2023-03-24 09:48:38', '2023-03-24 09:48:38'),
(177, 27, '167967651968.jpg', '2023-03-24 09:48:39', '2023-03-24 09:48:39'),
(178, 27, '167967652181.jpg', '2023-03-24 09:48:41', '2023-03-24 09:48:41'),
(179, 27, '167967652127.png', '2023-03-24 09:48:41', '2023-03-24 09:48:41'),
(180, 27, '167967652283.jpg', '2023-03-24 09:48:42', '2023-03-24 09:48:42'),
(181, 28, '167967674446.jpg', '2023-03-24 09:52:24', '2023-03-24 09:52:24'),
(182, 28, '167967674696.jpg', '2023-03-24 09:52:26', '2023-03-24 09:52:26'),
(183, 28, '167967674865.jpg', '2023-03-24 09:52:28', '2023-03-24 09:52:28'),
(184, 28, '167967674933.jpg', '2023-03-24 09:52:29', '2023-03-24 09:52:29'),
(185, 28, '167967675153.jpg', '2023-03-24 09:52:31', '2023-03-24 09:52:31'),
(186, 28, '167967675271.jpg', '2023-03-24 09:52:32', '2023-03-24 09:52:32'),
(187, 29, '167967721913.jpg', '2023-03-24 10:00:19', '2023-03-24 10:00:19'),
(188, 29, '167967721922.jpg', '2023-03-24 10:00:19', '2023-03-24 10:00:19'),
(189, 29, '167967721916.jpg', '2023-03-24 10:00:19', '2023-03-24 10:00:19'),
(190, 29, '167967722081.jpg', '2023-03-24 10:00:20', '2023-03-24 10:00:20'),
(191, 30, '167967733659.', '2023-03-24 10:02:16', '2023-03-24 10:02:16'),
(192, 30, '167967734546.jpg', '2023-03-24 10:02:25', '2023-03-24 10:02:25'),
(193, 30, '167967734839.jpg', '2023-03-24 10:02:28', '2023-03-24 10:02:28'),
(194, 30, '16796773507.jpg', '2023-03-24 10:02:30', '2023-03-24 10:02:30'),
(195, 30, '167967735612.', '2023-03-24 10:02:36', '2023-03-24 10:02:36'),
(196, 31, '167967812513.jpg', '2023-03-24 10:15:25', '2023-03-24 10:15:25'),
(197, 31, '167967812690.jpg', '2023-03-24 10:15:26', '2023-03-24 10:15:26'),
(198, 31, '167967812882.jpg', '2023-03-24 10:15:28', '2023-03-24 10:15:28'),
(199, 31, '167967812950.jpg', '2023-03-24 10:15:29', '2023-03-24 10:15:29'),
(200, 31, '167967822577.jpg', '2023-03-24 10:17:08', '2023-03-24 10:17:08'),
(201, 31, '16796782924.jpg', '2023-03-24 10:18:15', '2023-03-24 10:18:15'),
(202, 31, '167967834157.jpg', '2023-03-24 10:19:04', '2023-03-24 10:19:04'),
(203, 31, '167967841639.jpg', '2023-03-24 10:20:19', '2023-03-24 10:20:19'),
(204, 31, '167967843955.jpg', '2023-03-24 10:20:42', '2023-03-24 10:20:42'),
(205, 32, '167967885974.jpg', '2023-03-24 10:27:39', '2023-03-24 10:27:39'),
(206, 32, '167967886132.jpg', '2023-03-24 10:27:41', '2023-03-24 10:27:41'),
(207, 32, '167967886228.jpg', '2023-03-24 10:27:42', '2023-03-24 10:27:42'),
(208, 32, '167967886248.jpg', '2023-03-24 10:27:42', '2023-03-24 10:27:42'),
(209, 33, '167967915733.jpg', '2023-03-24 10:32:37', '2023-03-24 10:32:37'),
(210, 33, '167967915711.jpg', '2023-03-24 10:32:37', '2023-03-24 10:32:37'),
(211, 33, '167967915828.jpg', '2023-03-24 10:32:38', '2023-03-24 10:32:38'),
(212, 33, '167967915828.jpg', '2023-03-24 10:32:38', '2023-03-24 10:32:38'),
(213, 33, '167967915830.jpg', '2023-03-24 10:32:38', '2023-03-24 10:32:38'),
(214, 33, '167967915877.jpg', '2023-03-24 10:32:38', '2023-03-24 10:32:38'),
(215, 33, '167967915817.jpg', '2023-03-24 10:32:38', '2023-03-24 10:32:38'),
(216, 34, '167967946712.jpg', '2023-03-24 10:37:47', '2023-03-24 10:37:47'),
(217, 34, '167967946829.jpg', '2023-03-24 10:37:48', '2023-03-24 10:37:48'),
(218, 34, '167967946969.jpg', '2023-03-24 10:37:49', '2023-03-24 10:37:49'),
(219, 34, '167967947018.jpg', '2023-03-24 10:37:50', '2023-03-24 10:37:50'),
(220, 34, '167967947381.jpg', '2023-03-24 10:37:53', '2023-03-24 10:37:53'),
(221, 34, '167967947471.jpg', '2023-03-24 10:37:54', '2023-03-24 10:37:54'),
(222, 34, '16796794762.jpg', '2023-03-24 10:37:56', '2023-03-24 10:37:56'),
(223, 34, '167967948295.jpg', '2023-03-24 10:38:02', '2023-03-24 10:38:02'),
(224, 34, '167967950010.mp4', '2023-03-24 10:38:21', '2023-03-24 10:38:21'),
(225, 35, '16796797422.jpg', '2023-03-24 10:42:22', '2023-03-24 10:42:22'),
(226, 35, '167967974284.jpg', '2023-03-24 10:42:22', '2023-03-24 10:42:22'),
(227, 35, '167967974397.jpg', '2023-03-24 10:42:23', '2023-03-24 10:42:23'),
(228, 35, '167967974358.jpg', '2023-03-24 10:42:23', '2023-03-24 10:42:23'),
(229, 35, '167967974495.jpg', '2023-03-24 10:42:24', '2023-03-24 10:42:24'),
(230, 35, '167967974420.jpg', '2023-03-24 10:42:24', '2023-03-24 10:42:24'),
(231, 35, '167967974413.jpg', '2023-03-24 10:42:24', '2023-03-24 10:42:24'),
(232, 35, '167967974452.jpg', '2023-03-24 10:42:24', '2023-03-24 10:42:24'),
(233, 35, '167967974541.jpg', '2023-03-24 10:42:25', '2023-03-24 10:42:25'),
(234, 35, '167967974551.jpg', '2023-03-24 10:42:25', '2023-03-24 10:42:25'),
(235, 35, '167967974644.jpg', '2023-03-24 10:42:26', '2023-03-24 10:42:26'),
(236, 36, '167968004856.jpg', '2023-03-24 10:47:28', '2023-03-24 10:47:28'),
(237, 36, '167968004836.jpg', '2023-03-24 10:47:28', '2023-03-24 10:47:28'),
(238, 36, '167968004845.jpg', '2023-03-24 10:47:28', '2023-03-24 10:47:28'),
(239, 36, '167968004954.jpg', '2023-03-24 10:47:29', '2023-03-24 10:47:29'),
(240, 36, '167968005243.jpg', '2023-03-24 10:47:32', '2023-03-24 10:47:32'),
(241, 36, '167968007734.jpg', '2023-03-24 10:47:57', '2023-03-24 10:47:57'),
(242, 36, '167968007849.jpg', '2023-03-24 10:47:58', '2023-03-24 10:47:58'),
(243, 36, '167968007892.jpg', '2023-03-24 10:47:58', '2023-03-24 10:47:58'),
(244, 36, '167968007838.jpg', '2023-03-24 10:47:58', '2023-03-24 10:47:58'),
(245, 36, '167968007967.jpg', '2023-03-24 10:47:59', '2023-03-24 10:47:59'),
(246, 36, '167968013224.jpg', '2023-03-24 10:48:52', '2023-03-24 10:48:52'),
(247, 36, '167968013216.jpg', '2023-03-24 10:48:52', '2023-03-24 10:48:52'),
(248, 36, '167968013288.jpg', '2023-03-24 10:48:52', '2023-03-24 10:48:52'),
(249, 36, '167968013272.jpg', '2023-03-24 10:48:52', '2023-03-24 10:48:52'),
(250, 36, '167968013379.jpg', '2023-03-24 10:48:53', '2023-03-24 10:48:53'),
(251, 38, '167968029574.jpg', '2023-03-24 10:51:35', '2023-03-24 10:51:35'),
(252, 38, '167968029531.jpg', '2023-03-24 10:51:35', '2023-03-24 10:51:35'),
(253, 38, '167968029723.jpg', '2023-03-24 10:51:37', '2023-03-24 10:51:37'),
(254, 38, '16796802981.jpg', '2023-03-24 10:51:38', '2023-03-24 10:51:38'),
(255, 38, '167968029936.jpg', '2023-03-24 10:51:39', '2023-03-24 10:51:39'),
(256, 38, '167968030085.jpg', '2023-03-24 10:51:40', '2023-03-24 10:51:40'),
(257, 39, '167968067835.jpg', '2023-03-24 10:57:58', '2023-03-24 10:57:58'),
(258, 39, '167968068466.png', '2023-03-24 10:58:04', '2023-03-24 10:58:04'),
(259, 39, '167968068999.jpg', '2023-03-24 10:58:09', '2023-03-24 10:58:09'),
(260, 39, '167968069226.jpg', '2023-03-24 10:58:12', '2023-03-24 10:58:12'),
(261, 39, '16796807016.jpg', '2023-03-24 10:58:21', '2023-03-24 10:58:21'),
(262, 39, '167968070570.jpg', '2023-03-24 10:58:25', '2023-03-24 10:58:25'),
(263, 39, '167968070554.mp4', '2023-03-24 10:58:25', '2023-03-24 10:58:25'),
(264, 39, '16796807118.jpg', '2023-03-24 10:58:31', '2023-03-24 10:58:31'),
(265, 39, '167968071125.jpg', '2023-03-24 10:58:31', '2023-03-24 10:58:31'),
(266, 39, '16796807158.jpg', '2023-03-24 10:58:35', '2023-03-24 10:58:35'),
(267, 39, '167968071766.jpg', '2023-03-24 10:58:37', '2023-03-24 10:58:37'),
(268, 39, '167968071729.jpg', '2023-03-24 10:58:37', '2023-03-24 10:58:37'),
(269, 39, '167968071945.jpg', '2023-03-24 10:58:39', '2023-03-24 10:58:39'),
(270, 39, '167968071911.jpg', '2023-03-24 10:58:39', '2023-03-24 10:58:39'),
(271, 39, '167968072088.jpg', '2023-03-24 10:58:40', '2023-03-24 10:58:40'),
(272, 39, '167968072027.jpg', '2023-03-24 10:58:40', '2023-03-24 10:58:40'),
(273, 39, '167968072296.jpg', '2023-03-24 10:58:42', '2023-03-24 10:58:42'),
(274, 39, '167968072265.jpg', '2023-03-24 10:58:42', '2023-03-24 10:58:42'),
(275, 39, '167968072454.jpg', '2023-03-24 10:58:44', '2023-03-24 10:58:44'),
(276, 39, '167968072452.jpg', '2023-03-24 10:58:44', '2023-03-24 10:58:44'),
(277, 39, '167968072562.jpg', '2023-03-24 10:58:45', '2023-03-24 10:58:45'),
(278, 39, '167968072673.jpg', '2023-03-24 10:58:46', '2023-03-24 10:58:46'),
(279, 39, '167968072717.jpg', '2023-03-24 10:58:47', '2023-03-24 10:58:47'),
(280, 39, '167968072720.jpg', '2023-03-24 10:58:47', '2023-03-24 10:58:47'),
(281, 39, '167968072942.jpg', '2023-03-24 10:58:49', '2023-03-24 10:58:49'),
(282, 39, '167968072948.jpg', '2023-03-24 10:58:50', '2023-03-24 10:58:50'),
(283, 39, '167968073053.jpg', '2023-03-24 10:58:51', '2023-03-24 10:58:51'),
(284, 39, '167968073174.jpg', '2023-03-24 10:58:51', '2023-03-24 10:58:51'),
(285, 39, '167968073348.jpg', '2023-03-24 10:58:53', '2023-03-24 10:58:53'),
(286, 39, '167968073328.jpg', '2023-03-24 10:58:53', '2023-03-24 10:58:53'),
(287, 39, '167968073689.jpg', '2023-03-24 10:58:56', '2023-03-24 10:58:56'),
(288, 39, '167968073676.jpg', '2023-03-24 10:58:56', '2023-03-24 10:58:56'),
(289, 39, '167968074219.jpg', '2023-03-24 10:59:02', '2023-03-24 10:59:02'),
(290, 39, '167968074276.jpg', '2023-03-24 10:59:02', '2023-03-24 10:59:02'),
(291, 39, '167968074445.jpg', '2023-03-24 10:59:04', '2023-03-24 10:59:04'),
(292, 39, '167968074486.jpg', '2023-03-24 10:59:04', '2023-03-24 10:59:04'),
(293, 39, '167968074477.jpg', '2023-03-24 10:59:04', '2023-03-24 10:59:04'),
(294, 39, '167968074581.jpg', '2023-03-24 10:59:05', '2023-03-24 10:59:05'),
(295, 39, '167968074532.jpg', '2023-03-24 10:59:05', '2023-03-24 10:59:05'),
(296, 39, '16796807469.jpg', '2023-03-24 10:59:06', '2023-03-24 10:59:06'),
(297, 39, '167968074773.jpg', '2023-03-24 10:59:07', '2023-03-24 10:59:07'),
(298, 39, '167968074794.jpg', '2023-03-24 10:59:07', '2023-03-24 10:59:07'),
(299, 40, '167968103385.jpg', '2023-03-24 11:03:53', '2023-03-24 11:03:53'),
(300, 40, '167968103382.jpg', '2023-03-24 11:03:53', '2023-03-24 11:03:53'),
(301, 40, '167968103426.jpg', '2023-03-24 11:03:54', '2023-03-24 11:03:54'),
(302, 40, '167968103414.jpg', '2023-03-24 11:03:54', '2023-03-24 11:03:54'),
(303, 40, '167968103450.jpg', '2023-03-24 11:03:54', '2023-03-24 11:03:54'),
(304, 40, '167968103462.jpg', '2023-03-24 11:03:54', '2023-03-24 11:03:54'),
(305, 40, '16796810343.jpg', '2023-03-24 11:03:54', '2023-03-24 11:03:54'),
(306, 40, '16796810345.jpg', '2023-03-24 11:03:54', '2023-03-24 11:03:54'),
(307, 40, '167968103415.jpg', '2023-03-24 11:03:54', '2023-03-24 11:03:54'),
(308, 40, '167968103513.jpg', '2023-03-24 11:03:55', '2023-03-24 11:03:55'),
(309, 40, '167968103530.jpg', '2023-03-24 11:03:55', '2023-03-24 11:03:55'),
(310, 40, '16796810351.jpg', '2023-03-24 11:03:55', '2023-03-24 11:03:55'),
(311, 40, '167968103636.jpg', '2023-03-24 11:03:56', '2023-03-24 11:03:56'),
(312, 40, '167968103613.jpg', '2023-03-24 11:03:56', '2023-03-24 11:03:56'),
(313, 40, '167968103649.jpg', '2023-03-24 11:03:56', '2023-03-24 11:03:56'),
(314, 41, '167968136333.jpg', '2023-03-24 11:09:24', '2023-03-24 11:09:24'),
(315, 41, '16796813641.jpg', '2023-03-24 11:09:24', '2023-03-24 11:09:24'),
(316, 41, '167968136741.jpg', '2023-03-24 11:09:27', '2023-03-24 11:09:27'),
(317, 41, '167968136893.png', '2023-03-24 11:09:28', '2023-03-24 11:09:28'),
(318, 41, '167968136867.jpg', '2023-03-24 11:09:28', '2023-03-24 11:09:28'),
(319, 41, '167968136863.jpg', '2023-03-24 11:09:28', '2023-03-24 11:09:28'),
(320, 41, '167968136951.jpg', '2023-03-24 11:09:29', '2023-03-24 11:09:29'),
(321, 41, '167968136988.jpg', '2023-03-24 11:09:29', '2023-03-24 11:09:29'),
(322, 41, '167968136987.jpg', '2023-03-24 11:09:29', '2023-03-24 11:09:29'),
(323, 41, '167968136964.jpg', '2023-03-24 11:09:29', '2023-03-24 11:09:29'),
(324, 41, '167968137022.jpg', '2023-03-24 11:09:30', '2023-03-24 11:09:30'),
(325, 41, '16796813709.jpg', '2023-03-24 11:09:30', '2023-03-24 11:09:30'),
(326, 41, '167968137086.jpg', '2023-03-24 11:09:30', '2023-03-24 11:09:30'),
(327, 41, '16796813716.jpg', '2023-03-24 11:09:31', '2023-03-24 11:09:31'),
(328, 42, '167968229697.jpg', '2023-03-24 11:24:56', '2023-03-24 11:24:56'),
(329, 42, '167968229669.jpg', '2023-03-24 11:24:56', '2023-03-24 11:24:56'),
(330, 42, '167968229786.jpg', '2023-03-24 11:24:57', '2023-03-24 11:24:57'),
(331, 42, '16796822978.jpg', '2023-03-24 11:24:57', '2023-03-24 11:24:57'),
(332, 42, '167968229720.jpg', '2023-03-24 11:24:57', '2023-03-24 11:24:57'),
(333, 42, '167968229793.jpg', '2023-03-24 11:24:57', '2023-03-24 11:24:57'),
(334, 42, '167968230644.jpg', '2023-03-24 11:25:06', '2023-03-24 11:25:06'),
(335, 42, '167968230640.jpg', '2023-03-24 11:25:06', '2023-03-24 11:25:06'),
(336, 42, '167968230736.jpg', '2023-03-24 11:25:07', '2023-03-24 11:25:07'),
(337, 42, '167968231092.jpg', '2023-03-24 11:25:10', '2023-03-24 11:25:10'),
(338, 43, '167968256289.jpg', '2023-03-24 11:29:22', '2023-03-24 11:29:22'),
(339, 43, '167968256252.jpg', '2023-03-24 11:29:22', '2023-03-24 11:29:22'),
(340, 43, '167968256354.jpg', '2023-03-24 11:29:23', '2023-03-24 11:29:23'),
(341, 44, '167968290153.jpg', '2023-03-24 11:35:01', '2023-03-24 11:35:01'),
(342, 44, '167968290215.jpg', '2023-03-24 11:35:02', '2023-03-24 11:35:02'),
(343, 44, '167968290288.jpg', '2023-03-24 11:35:02', '2023-03-24 11:35:02'),
(344, 44, '167968290422.jpg', '2023-03-24 11:35:04', '2023-03-24 11:35:04'),
(345, 44, '167968290436.jpg', '2023-03-24 11:35:04', '2023-03-24 11:35:04'),
(346, 44, '167968291553.jpg', '2023-03-24 11:35:15', '2023-03-24 11:35:15'),
(347, 44, '167968291519.jpg', '2023-03-24 11:35:15', '2023-03-24 11:35:15'),
(348, 44, '167968291642.jpg', '2023-03-24 11:35:17', '2023-03-24 11:35:17'),
(349, 44, '167968291827.jpg', '2023-03-24 11:35:18', '2023-03-24 11:35:18'),
(350, 44, '167968291952.jpg', '2023-03-24 11:35:19', '2023-03-24 11:35:19'),
(351, 44, '167968292294.jpg', '2023-03-24 11:35:22', '2023-03-24 11:35:22'),
(352, 44, '167968292336.jpg', '2023-03-24 11:35:23', '2023-03-24 11:35:23'),
(353, 44, '167968292336.jpg', '2023-03-24 11:35:23', '2023-03-24 11:35:23'),
(354, 44, '167968292357.jpg', '2023-03-24 11:35:23', '2023-03-24 11:35:23'),
(355, 44, '167968292311.jpg', '2023-03-24 11:35:23', '2023-03-24 11:35:23'),
(356, 45, '167968320827.jpg', '2023-03-24 11:40:08', '2023-03-24 11:40:08'),
(357, 45, '167968320935.jpg', '2023-03-24 11:40:09', '2023-03-24 11:40:09'),
(358, 45, '167968320940.jpg', '2023-03-24 11:40:09', '2023-03-24 11:40:09'),
(359, 45, '167968320949.jpg', '2023-03-24 11:40:09', '2023-03-24 11:40:09'),
(360, 45, '16796832102.jpg', '2023-03-24 11:40:10', '2023-03-24 11:40:10'),
(361, 45, '167968321077.jpg', '2023-03-24 11:40:10', '2023-03-24 11:40:10'),
(362, 45, '167968321076.jpg', '2023-03-24 11:40:10', '2023-03-24 11:40:10'),
(363, 45, '167968321139.jpg', '2023-03-24 11:40:11', '2023-03-24 11:40:11'),
(364, 45, '167968321125.jpg', '2023-03-24 11:40:11', '2023-03-24 11:40:11'),
(365, 45, '167968321297.jpg', '2023-03-24 11:40:12', '2023-03-24 11:40:12'),
(366, 46, '167968350359.jpg', '2023-03-24 11:45:03', '2023-03-24 11:45:03'),
(367, 46, '167968350367.jpg', '2023-03-24 11:45:03', '2023-03-24 11:45:03'),
(368, 46, '167968350494.jpg', '2023-03-24 11:45:04', '2023-03-24 11:45:04'),
(369, 47, '167968383536.jpg', '2023-03-24 11:50:35', '2023-03-24 11:50:35'),
(370, 47, '167968383612.jpg', '2023-03-24 11:50:36', '2023-03-24 11:50:36'),
(371, 47, '167968383695.jpg', '2023-03-24 11:50:36', '2023-03-24 11:50:36'),
(372, 47, '167968383947.jpg', '2023-03-24 11:50:39', '2023-03-24 11:50:39'),
(373, 48, '167968410595.jpg', '2023-03-24 11:55:05', '2023-03-24 11:55:05'),
(374, 48, '167968410654.jpg', '2023-03-24 11:55:06', '2023-03-24 11:55:06'),
(375, 48, '167968410711.jpg', '2023-03-24 11:55:07', '2023-03-24 11:55:07'),
(376, 48, '167968412543.mp4', '2023-03-24 11:55:25', '2023-03-24 11:55:25'),
(377, 48, '167968413385.jpg', '2023-03-24 11:55:34', '2023-03-24 11:55:34'),
(378, 48, '167968421542.jpg', '2023-03-24 11:56:55', '2023-03-24 11:56:55'),
(379, 48, '16796842151.jpg', '2023-03-24 11:56:55', '2023-03-24 11:56:55'),
(380, 48, '167968421518.jpg', '2023-03-24 11:56:55', '2023-03-24 11:56:55'),
(381, 48, '167968424430.mp4', '2023-03-24 11:57:24', '2023-03-24 11:57:24'),
(382, 48, '167968545871.', '2023-03-24 12:17:38', '2023-03-24 12:17:38'),
(383, 48, '167968546622.', '2023-03-24 12:17:46', '2023-03-24 12:17:46'),
(384, 48, '167968547220.', '2023-03-24 12:17:52', '2023-03-24 12:17:52'),
(385, 48, '167968548113.', '2023-03-24 12:18:01', '2023-03-24 12:18:01'),
(386, 48, '167968548635.', '2023-03-24 12:18:06', '2023-03-24 12:18:06'),
(387, 48, '167968549228.', '2023-03-24 12:18:12', '2023-03-24 12:18:12'),
(388, 48, '167968549581.', '2023-03-24 12:18:15', '2023-03-24 12:18:15'),
(389, 48, '167968550449.', '2023-03-24 12:18:24', '2023-03-24 12:18:24'),
(390, 48, '167968550751.', '2023-03-24 12:18:27', '2023-03-24 12:18:27'),
(391, 48, '167968551044.', '2023-03-24 12:18:30', '2023-03-24 12:18:30'),
(392, 48, '167968563499.', '2023-03-24 12:20:34', '2023-03-24 12:20:34'),
(393, 48, '167968563689.', '2023-03-24 12:20:36', '2023-03-24 12:20:36'),
(394, 48, '167968563968.', '2023-03-24 12:20:39', '2023-03-24 12:20:39'),
(395, 48, '167968564332.', '2023-03-24 12:20:43', '2023-03-24 12:20:43'),
(396, 48, '167968565144.', '2023-03-24 12:20:51', '2023-03-24 12:20:51'),
(397, 48, '167968565666.', '2023-03-24 12:20:56', '2023-03-24 12:20:56'),
(398, 48, '167968565823.', '2023-03-24 12:20:58', '2023-03-24 12:20:58'),
(399, 48, '167968566351.jpg', '2023-03-24 12:21:03', '2023-03-24 12:21:03'),
(400, 48, '167968566517.jpg', '2023-03-24 12:21:05', '2023-03-24 12:21:05'),
(401, 48, '167968566663.jpg', '2023-03-24 12:21:06', '2023-03-24 12:21:06'),
(402, 48, '167968568220.mp4', '2023-03-24 12:21:23', '2023-03-24 12:21:23'),
(403, 49, '167968600830.jpg', '2023-03-24 12:26:48', '2023-03-24 12:26:48'),
(404, 49, '16796860087.jpg', '2023-03-24 12:26:48', '2023-03-24 12:26:48'),
(405, 49, '167968600889.jpg', '2023-03-24 12:26:48', '2023-03-24 12:26:48'),
(406, 49, '167968600883.jpg', '2023-03-24 12:26:48', '2023-03-24 12:26:48'),
(407, 49, '167968600824.jpg', '2023-03-24 12:26:48', '2023-03-24 12:26:48'),
(408, 49, '167968600822.jpg', '2023-03-24 12:26:48', '2023-03-24 12:26:48'),
(409, 49, '167968601018.jpg', '2023-03-24 12:26:50', '2023-03-24 12:26:50'),
(410, 50, '167968646829.jpg', '2023-03-24 12:34:28', '2023-03-24 12:34:28'),
(411, 50, '167968647185.jpg', '2023-03-24 12:34:31', '2023-03-24 12:34:31'),
(412, 50, '167968647245.jpg', '2023-03-24 12:34:32', '2023-03-24 12:34:32'),
(413, 50, '167968647735.jpg', '2023-03-24 12:34:37', '2023-03-24 12:34:37'),
(414, 50, '167968648034.jpg', '2023-03-24 12:34:40', '2023-03-24 12:34:40'),
(415, 50, '167968649029.jpg', '2023-03-24 12:34:50', '2023-03-24 12:34:50'),
(416, 50, '167968650034.jpg', '2023-03-24 12:35:00', '2023-03-24 12:35:00'),
(417, 50, '167968650398.jpg', '2023-03-24 12:35:03', '2023-03-24 12:35:03'),
(418, 50, '16796865172.jpg', '2023-03-24 12:35:17', '2023-03-24 12:35:17'),
(419, 50, '167968652953.jpg', '2023-03-24 12:35:29', '2023-03-24 12:35:29'),
(420, 50, '167968653698.jpg', '2023-03-24 12:35:36', '2023-03-24 12:35:36'),
(421, 50, '167968653952.jpg', '2023-03-24 12:35:39', '2023-03-24 12:35:39'),
(422, 50, '167968654514.jpg', '2023-03-24 12:35:45', '2023-03-24 12:35:45'),
(423, 50, '167968655014.jpg', '2023-03-24 12:35:50', '2023-03-24 12:35:50'),
(424, 50, '167968655259.jpg', '2023-03-24 12:35:52', '2023-03-24 12:35:52'),
(425, 50, '167968655830.jpg', '2023-03-24 12:35:58', '2023-03-24 12:35:58'),
(426, 50, '167968655861.jpg', '2023-03-24 12:35:58', '2023-03-24 12:35:58'),
(427, 50, '167968656384.jpg', '2023-03-24 12:36:03', '2023-03-24 12:36:03'),
(428, 50, '167968656490.jpg', '2023-03-24 12:36:04', '2023-03-24 12:36:04'),
(429, 50, '167968657029.jpg', '2023-03-24 12:36:10', '2023-03-24 12:36:10'),
(430, 50, '167968657210.jpg', '2023-03-24 12:36:12', '2023-03-24 12:36:12'),
(431, 50, '167968657930.jpg', '2023-03-24 12:36:19', '2023-03-24 12:36:19'),
(432, 50, '167968658036.jpg', '2023-03-24 12:36:20', '2023-03-24 12:36:20'),
(433, 51, '167968684971.jpg', '2023-03-24 12:40:49', '2023-03-24 12:40:49'),
(434, 51, '167968684957.jpg', '2023-03-24 12:40:49', '2023-03-24 12:40:49'),
(435, 53, '167971718543.jpg', '2023-03-24 21:06:25', '2023-03-24 21:06:25'),
(436, 53, '167971718846.jpg', '2023-03-24 21:06:28', '2023-03-24 21:06:28'),
(437, 53, '167971719638.png', '2023-03-24 21:06:36', '2023-03-24 21:06:36'),
(438, 53, '167971720437.png', '2023-03-24 21:06:44', '2023-03-24 21:06:44'),
(439, 53, '167971720650.jpg', '2023-03-24 21:06:46', '2023-03-24 21:06:46'),
(440, 54, '167971747719.jpg', '2023-03-24 21:11:17', '2023-03-24 21:11:17'),
(441, 54, '167971747718.jpg', '2023-03-24 21:11:17', '2023-03-24 21:11:17'),
(442, 54, '167971747855.jpg', '2023-03-24 21:11:18', '2023-03-24 21:11:18'),
(443, 54, '16797174797.jpg', '2023-03-24 21:11:19', '2023-03-24 21:11:19'),
(444, 54, '167971747932.jpg', '2023-03-24 21:11:19', '2023-03-24 21:11:19'),
(445, 54, '167971748098.jpg', '2023-03-24 21:11:20', '2023-03-24 21:11:20'),
(446, 54, '167971769595.jpg', '2023-03-24 21:14:55', '2023-03-24 21:14:55'),
(447, 55, '167971803531.jpg', '2023-03-24 21:20:35', '2023-03-24 21:20:35'),
(448, 55, '167971803526.jpg', '2023-03-24 21:20:35', '2023-03-24 21:20:35'),
(449, 55, '16797180356.jpg', '2023-03-24 21:20:35', '2023-03-24 21:20:35'),
(450, 55, '167971803655.jpg', '2023-03-24 21:20:36', '2023-03-24 21:20:36'),
(451, 55, '16797180367.jpg', '2023-03-24 21:20:36', '2023-03-24 21:20:36'),
(452, 55, '167971803697.jpg', '2023-03-24 21:20:36', '2023-03-24 21:20:36'),
(453, 55, '167971803637.jpg', '2023-03-24 21:20:36', '2023-03-24 21:20:36'),
(454, 56, '16797183338.jpg', '2023-03-24 21:25:33', '2023-03-24 21:25:33'),
(455, 56, '167971833379.jpg', '2023-03-24 21:25:33', '2023-03-24 21:25:33'),
(456, 56, '167971833420.jpg', '2023-03-24 21:25:34', '2023-03-24 21:25:34');

-- --------------------------------------------------------

--
-- Struktur dari tabel `gambar_hotels`
--

CREATE TABLE `gambar_hotels` (
  `id` bigint(20) UNSIGNED NOT NULL,
  `id_hotel` bigint(20) UNSIGNED DEFAULT NULL,
  `nama_file` varchar(255) COLLATE utf8mb4_unicode_ci NOT NULL,
  `created_at` timestamp NULL DEFAULT NULL,
  `updated_at` timestamp NULL DEFAULT NULL
) ENGINE=InnoDB DEFAULT CHARSET=utf8mb4 COLLATE=utf8mb4_unicode_ci;

--
-- Dumping data untuk tabel `gambar_hotels`
--

INSERT INTO `gambar_hotels` (`id`, `id_hotel`, `nama_file`, `created_at`, `updated_at`) VALUES
(1, 2, '168097744291.jpg', '2023-04-08 02:10:42', '2023-04-08 02:10:42'),
(2, 2, '168097744285.jpg', '2023-04-08 02:10:42', '2023-04-08 02:10:42'),
(3, 2, '16809774437.jpg', '2023-04-08 02:10:43', '2023-04-08 02:10:43'),
(4, 2, '168097744394.jpg', '2023-04-08 02:10:43', '2023-04-08 02:10:43'),
(5, 2, '168097744356.jpg', '2023-04-08 02:10:43', '2023-04-08 02:10:43'),
(6, 2, '168097753443.jpg', '2023-04-08 02:12:14', '2023-04-08 02:12:14'),
(7, 2, '168097753430.jpg', '2023-04-08 02:12:14', '2023-04-08 02:12:14'),
(8, 2, '168097753451.jpg', '2023-04-08 02:12:14', '2023-04-08 02:12:14'),
(9, 2, '168097753561.jpg', '2023-04-08 02:12:15', '2023-04-08 02:12:15'),
(10, 2, '168097753552.jpg', '2023-04-08 02:12:15', '2023-04-08 02:12:15');

-- --------------------------------------------------------

--
-- Struktur dari tabel `hotels`
--

CREATE TABLE `hotels` (
  `id` bigint(20) UNSIGNED NOT NULL,
  `nama_hotel` varchar(255) COLLATE utf8mb4_unicode_ci NOT NULL,
  `alamat_hotel` text COLLATE utf8mb4_unicode_ci NOT NULL,
  `deskripsi` text COLLATE utf8mb4_unicode_ci DEFAULT NULL,
  `harga` int(100) DEFAULT NULL,
  `longitude` varchar(200) COLLATE utf8mb4_unicode_ci NOT NULL,
  `latitude` varchar(200) COLLATE utf8mb4_unicode_ci NOT NULL,
  `gambar_hotel` varchar(255) COLLATE utf8mb4_unicode_ci DEFAULT NULL,
  `created_at` timestamp NULL DEFAULT NULL,
  `updated_at` timestamp NULL DEFAULT NULL
) ENGINE=InnoDB DEFAULT CHARSET=utf8mb4 COLLATE=utf8mb4_unicode_ci;

--
-- Dumping data untuk tabel `hotels`
--

INSERT INTO `hotels` (`id`, `nama_hotel`, `alamat_hotel`, `deskripsi`, `harga`, `longitude`, `latitude`, `gambar_hotel`, `created_at`, `updated_at`) VALUES
(2, 'Dialoog Tahuna', 'Apeng Sembeka, Santiago Jl. Penjernihan I/I Bungalawang, 95811 Tahuna, Indonesia', '<div class=\"hp-description k2-hp_main_desc--collapsed\" data-et-view=\"goal:hp_property_description_seen\">\r\n<div class=\"hp_desc_main_content\">\r\n<div id=\"summary\" class=\"\" data-et-view=\"\">\r\n<div id=\"property_description_content\">\r\n<p>Dialoog Tahuna menawarkan akomodasi dengan kolam renang luar ruangan, parkir pribadi gratis, pusat kebugaran, dan taman di Tahuna, 19 km dari Gunung Awu. Hotel bintang 4 ini memiliki teras dan kamar-kamar ber-AC dengan Wi-Fi gratis, masing-masing dengan kamar mandi pribadi. Anda dapat menikmati hidangan Amerika dan Cina di restoran atau menikmati koktail di bar.</p>\r\n<p>Setiap kamar memiliki teko, sementara kamar-kamar tertentu dilengkapi dengan balkon dan yang lainnya juga menawarkan pemandangan laut. Kamar-kamar di hotel ini dilengkapi dengan TV layar datar dan perlengkapan mandi gratis.</p>\r\n<p>Sarapan prasmanan, kontinental, atau Amerika tersedia setiap hari di akomodasi.</p>\r\n<p>Staf resepsionis 24 jam dapat berbahasa Inggris serta Indonesia, dan siap membantu Anda setiap saat.</p>\r\n</div>\r\n</div>\r\n<p class=\"summary hotel_meta_style\"><span class=\"hp-desc-highlighted\">Dialoog Tahuna telah menyambut tamu Booking.com sejak 16 Nov 2021.<br></span></p>\r\n</div>\r\n<div data-et-view=\"bNXGDJdLTLScXQOVWe:1\">&nbsp;</div>\r\n</div>\r\n<div class=\"hp--popular_facilities js-k2-hp--block\">\r\n<div data-capla-component=\"b-property-web-property-page/PropertyMostPopularFacilities\" data-capla-namespace=\"b-property-web-property-pageBXeHcaIS\">\r\n<div data-testid=\"property-most-popular-facilities-wrapper\">\r\n<div>\r\n<div class=\"b3d1cacd40 a5dba5cdb1\">\r\n<div class=\"ac78a73c96 f0d4d6a2f5 fda3b74d0d\">Fasilitas paling populer</div>\r\n</div>\r\n<div class=\"e5e0727360\" data-testid=\"facility-list-most-popular-facilities\">\r\n<div class=\"a815ec762e ab06168e66\">\r\n<div class=\"e2c5f6cdcb\">\r\n<div class=\"db29ecfbe2 f0d4d6a2f5\"><span class=\"db312485ba\">Kolam renang outdoor</span></div>\r\n</div>\r\n</div>\r\n<div class=\"a815ec762e ab06168e66\">\r\n<div class=\"e2c5f6cdcb\">\r\n<div class=\"db29ecfbe2 f0d4d6a2f5\"><span class=\"db312485ba\">Kamar bebas rokok</span></div>\r\n</div>\r\n</div>\r\n<div class=\"a815ec762e ab06168e66\">\r\n<div class=\"e2c5f6cdcb\">\r\n<div class=\"db29ecfbe2 f0d4d6a2f5\"><span class=\"db312485ba\">Parkir gratis</span></div>\r\n</div>\r\n</div>\r\n<div class=\"a815ec762e ab06168e66\">\r\n<div class=\"e2c5f6cdcb\">\r\n<div class=\"db29ecfbe2 f0d4d6a2f5\"><span class=\"db312485ba\">Layanan kamar</span></div>\r\n</div>\r\n</div>\r\n<div class=\"a815ec762e ab06168e66\">\r\n<div class=\"e2c5f6cdcb\">\r\n<div class=\"db29ecfbe2 f0d4d6a2f5\"><span class=\"db312485ba\">WiFi gratis</span></div>\r\n</div>\r\n</div>\r\n<div class=\"a815ec762e ab06168e66\">\r\n<div class=\"e2c5f6cdcb\">\r\n<div class=\"db29ecfbe2 f0d4d6a2f5\"><span class=\"db312485ba\">Restoran</span></div>\r\n</div>\r\n</div>\r\n<div class=\"a815ec762e ab06168e66\">\r\n<div class=\"e2c5f6cdcb\">\r\n<div class=\"db29ecfbe2 f0d4d6a2f5\"><span class=\"db312485ba\">Pusat kebugaran</span></div>\r\n</div>\r\n</div>\r\n<div class=\"a815ec762e ab06168e66\">\r\n<div class=\"e2c5f6cdcb\">\r\n<div class=\"db29ecfbe2 f0d4d6a2f5\"><span class=\"db312485ba\">Tepi pantai</span></div>\r\n</div>\r\n</div>\r\n<div class=\"a815ec762e ab06168e66\">\r\n<div class=\"e2c5f6cdcb\">\r\n<div class=\"db29ecfbe2 f0d4d6a2f5\"><span class=\"db312485ba\">Bar</span></div>\r\n</div>\r\n</div>\r\n<div class=\"a815ec762e ab06168e66\">\r\n<div class=\"e2c5f6cdcb\">\r\n<div class=\"db29ecfbe2 f0d4d6a2f5\"><span class=\"db312485ba\">Area pantai pribadi</span></div>\r\n</div>\r\n</div>\r\n</div>\r\n</div>\r\n</div>\r\n</div>\r\n</div>', 981834, '3.6160348345650126', '125.46298931641665', '1680977565924.unnamed (1).jpg', '2023-04-08 02:12:45', '2023-04-08 02:12:45');

-- --------------------------------------------------------

--
-- Struktur dari tabel `kategoris`
--

CREATE TABLE `kategoris` (
  `id` bigint(20) UNSIGNED NOT NULL,
  `nama_kategori` varchar(100) COLLATE utf8mb4_unicode_ci NOT NULL,
  `hastag_kategori` varchar(255) COLLATE utf8mb4_unicode_ci NOT NULL,
  `created_at` timestamp NULL DEFAULT NULL,
  `updated_at` timestamp NULL DEFAULT NULL
) ENGINE=InnoDB DEFAULT CHARSET=utf8mb4 COLLATE=utf8mb4_unicode_ci;

--
-- Dumping data untuk tabel `kategoris`
--

INSERT INTO `kategoris` (`id`, `nama_kategori`, `hastag_kategori`, `created_at`, `updated_at`) VALUES
(1, 'Air Terjun', '#arter', '2023-02-02 03:51:30', '2023-02-02 03:51:30'),
(2, 'Pantai', '#pantai', '2023-03-15 05:57:44', '2023-03-15 05:57:44'),
(3, 'Puncak', '#puncak', '2023-03-23 10:36:20', '2023-03-23 10:36:20'),
(4, 'Underwater', '#underwater', '2023-03-24 01:42:28', '2023-03-24 01:42:28'),
(5, 'Pulau', '#pulau', '2023-03-24 08:34:09', '2023-03-24 08:34:09'),
(6, 'Kolam', '#kolam', '2023-03-24 09:22:25', '2023-03-24 09:22:25'),
(7, 'Tanjung', '#tanjung', '2023-03-24 12:41:51', '2023-03-24 12:41:51');

-- --------------------------------------------------------

--
-- Struktur dari tabel `migrations`
--

CREATE TABLE `migrations` (
  `id` int(10) UNSIGNED NOT NULL,
  `migration` varchar(255) COLLATE utf8mb4_unicode_ci NOT NULL,
  `batch` int(11) NOT NULL
) ENGINE=InnoDB DEFAULT CHARSET=utf8mb4 COLLATE=utf8mb4_unicode_ci;

--
-- Dumping data untuk tabel `migrations`
--

INSERT INTO `migrations` (`id`, `migration`, `batch`) VALUES
(1, '2014_10_12_000000_create_users_table', 1),
(2, '2014_10_12_100000_create_password_resets_table', 1),
(3, '2019_08_19_000000_create_failed_jobs_table', 1),
(4, '2019_12_14_000001_create_personal_access_tokens_table', 1);

-- --------------------------------------------------------

--
-- Struktur dari tabel `password_resets`
--

CREATE TABLE `password_resets` (
  `email` varchar(255) COLLATE utf8mb4_unicode_ci NOT NULL,
  `token` varchar(255) COLLATE utf8mb4_unicode_ci NOT NULL,
  `created_at` timestamp NULL DEFAULT NULL
) ENGINE=InnoDB DEFAULT CHARSET=utf8mb4 COLLATE=utf8mb4_unicode_ci;

-- --------------------------------------------------------

--
-- Struktur dari tabel `pembayarans`
--

CREATE TABLE `pembayarans` (
  `id` bigint(20) UNSIGNED NOT NULL,
  `nama` varchar(100) COLLATE utf8mb4_unicode_ci DEFAULT NULL,
  `jumlah_orang` int(50) DEFAULT NULL,
  `email_aktif` varchar(100) COLLATE utf8mb4_unicode_ci DEFAULT NULL,
  `total` int(50) DEFAULT NULL,
  `bukti_pembayaran` varchar(255) COLLATE utf8mb4_unicode_ci DEFAULT NULL,
  `created_at` timestamp NULL DEFAULT NULL,
  `updated_at` timestamp NULL DEFAULT NULL,
  `status` varchar(30) COLLATE utf8mb4_unicode_ci DEFAULT NULL
) ENGINE=InnoDB DEFAULT CHARSET=utf8mb4 COLLATE=utf8mb4_unicode_ci;

--
-- Dumping data untuk tabel `pembayarans`
--

INSERT INTO `pembayarans` (`id`, `nama`, `jumlah_orang`, `email_aktif`, `total`, `bukti_pembayaran`, `created_at`, `updated_at`, `status`) VALUES
(1, 'tes', 3, 'dennisaputong@elektro.polimdo.ac.id', 150000, '1685337089707.hasil1.jpg', '2023-05-28 21:11:29', '2023-05-29 15:10:19', 'Terverifikasi');

-- --------------------------------------------------------

--
-- Struktur dari tabel `personal_access_tokens`
--

CREATE TABLE `personal_access_tokens` (
  `id` bigint(20) UNSIGNED NOT NULL,
  `tokenable_type` varchar(255) COLLATE utf8mb4_unicode_ci NOT NULL,
  `tokenable_id` bigint(20) UNSIGNED NOT NULL,
  `name` varchar(255) COLLATE utf8mb4_unicode_ci NOT NULL,
  `token` varchar(64) COLLATE utf8mb4_unicode_ci NOT NULL,
  `abilities` text COLLATE utf8mb4_unicode_ci DEFAULT NULL,
  `last_used_at` timestamp NULL DEFAULT NULL,
  `created_at` timestamp NULL DEFAULT NULL,
  `updated_at` timestamp NULL DEFAULT NULL
) ENGINE=InnoDB DEFAULT CHARSET=utf8mb4 COLLATE=utf8mb4_unicode_ci;

-- --------------------------------------------------------

--
-- Struktur dari tabel `users`
--

CREATE TABLE `users` (
  `id` bigint(20) UNSIGNED NOT NULL,
  `name` varchar(255) COLLATE utf8mb4_unicode_ci NOT NULL,
  `email` varchar(255) COLLATE utf8mb4_unicode_ci NOT NULL,
  `email_verified_at` timestamp NULL DEFAULT NULL,
  `password` varchar(255) COLLATE utf8mb4_unicode_ci NOT NULL,
  `remember_token` varchar(100) COLLATE utf8mb4_unicode_ci DEFAULT NULL,
  `created_at` timestamp NULL DEFAULT NULL,
  `updated_at` timestamp NULL DEFAULT NULL,
  `level` varchar(20) COLLATE utf8mb4_unicode_ci DEFAULT NULL
) ENGINE=InnoDB DEFAULT CHARSET=utf8mb4 COLLATE=utf8mb4_unicode_ci;

--
-- Dumping data untuk tabel `users`
--

INSERT INTO `users` (`id`, `name`, `email`, `email_verified_at`, `password`, `remember_token`, `created_at`, `updated_at`, `level`) VALUES
(1, 'admin', '19210047@unima.ac.id', NULL, '$2y$10$jQ0Rym0VDmGyuOi/d0VtxuG0dXHPfeZNzv.qXeomh1.iIDtRFSuV.', NULL, '2023-01-03 11:39:51', '2023-01-03 11:39:51', 'admin'),
(2, 'ITC', 'itc@gmail.com', NULL, '$2y$10$jQ0Rym0VDmGyuOi/d0VtxuG0dXHPfeZNzv.qXeomh1.iIDtRFSuV.', NULL, '2023-05-29 16:11:12', NULL, 'itc');

-- --------------------------------------------------------

--
-- Struktur dari tabel `wisatas`
--

CREATE TABLE `wisatas` (
  `id` bigint(20) UNSIGNED NOT NULL,
  `nama_wisata` varchar(100) COLLATE utf8mb4_unicode_ci NOT NULL,
  `alamat_wisata` varchar(150) COLLATE utf8mb4_unicode_ci NOT NULL,
  `kecamatan_wisata` varchar(100) COLLATE utf8mb4_unicode_ci NOT NULL,
  `daerah_wisata` bigint(20) UNSIGNED NOT NULL,
  `deskripsi_tempat` text COLLATE utf8mb4_unicode_ci NOT NULL,
  `biaya_tiket` int(100) DEFAULT NULL,
  `kategori` bigint(20) UNSIGNED DEFAULT NULL,
  `longitude` varchar(200) COLLATE utf8mb4_unicode_ci NOT NULL,
  `latitude` varchar(200) COLLATE utf8mb4_unicode_ci NOT NULL,
  `gambar_wisata` varchar(255) COLLATE utf8mb4_unicode_ci DEFAULT NULL,
  `created_at` timestamp NULL DEFAULT NULL,
  `updated_at` timestamp NULL DEFAULT NULL,
  `fasilitas` varchar(255) COLLATE utf8mb4_unicode_ci DEFAULT NULL,
  `link_traveloka` varchar(255) COLLATE utf8mb4_unicode_ci DEFAULT NULL,
  `pengunjung` int(20) DEFAULT NULL
) ENGINE=InnoDB DEFAULT CHARSET=utf8mb4 COLLATE=utf8mb4_unicode_ci;

--
-- Dumping data untuk tabel `wisatas`
--

INSERT INTO `wisatas` (`id`, `nama_wisata`, `alamat_wisata`, `kecamatan_wisata`, `daerah_wisata`, `deskripsi_tempat`, `biaya_tiket`, `kategori`, `longitude`, `latitude`, `gambar_wisata`, `created_at`, `updated_at`, `fasilitas`, `link_traveloka`, `pengunjung`) VALUES
(11, 'Kadadima Waterfall', 'Kampung Laine', 'Manganitu Selatan', 6, '<div class=\"x11i5rnm xat24cr x1mh8g0r x1vvkbs xdj266r x126k92a\">\r\n<div dir=\"auto\"><span class=\"x3nfvp2 x1j61x8r x1fcty0u xdj266r xhhsvwb xat24cr xgzva0m xxymvpz xlup9mm x1kky2od\"><img src=\"https://static.xx.fbcdn.net/images/emoji.php/v9/t2d/1/16/1f4cd.png\" alt=\"\" width=\"16\" height=\"16\"></span> <strong>Air Terjun Kadadima</strong></div>\r\n</div>\r\n<div class=\"x11i5rnm xat24cr x1mh8g0r x1vvkbs xtlvy1s x126k92a\">\r\n<div dir=\"auto\">Terletak di Desa Laine, Kecamatan Manganitu Selatan, Kabupaten Kepulauan Sangihe , Propinsi Sulawesi Utara.</div>\r\n</div>\r\n<div class=\"x11i5rnm xat24cr x1mh8g0r x1vvkbs xtlvy1s x126k92a\">\r\n<div dir=\"auto\">Aksesbilitas</div>\r\n<div dir=\"auto\">Berjarak tempuh sekitar 90 menit dengan kendaraan darat dari Tahuna atau 25 menit dari Pelabuhan feri Pananaru. Sedangkan dari Desa Laine sekitar 25 menit ke arah timur dengan cara berjalan kaki.</div>\r\n<div dir=\"auto\">Air terjun Kadadima ini unik. Karena merupakan nama pengganti dari 3 air terjun yang ada.</div>\r\n<div dir=\"auto\">Keunikan air terjun ini karena terdapat 3 air terjun yang bernama Nahepese, Elong dan Matei yang masih merupakan satu aliran sungai yang sama.</div>\r\n</div>', 0, 1, '3.446978206438392', '125.6000463975709', '1679657521389.air terjun laine.jpeg', '2023-03-24 04:32:01', '2023-05-28 19:55:57', 'Tempat Parkir', NULL, 5),
(12, 'Ngurahlawo Waterfall', 'Kampung Lelipang', 'Tamako', 8, '<div class=\"x11i5rnm xat24cr x1mh8g0r x1vvkbs xdj266r x126k92a\">\r\n<div dir=\"auto\"><span class=\"x3nfvp2 x1j61x8r x1fcty0u xdj266r xhhsvwb xat24cr xgzva0m xxymvpz xlup9mm x1kky2od\"><img src=\"https://static.xx.fbcdn.net/images/emoji.php/v9/t2d/1/16/1f4cd.png\" alt=\"\" width=\"16\" height=\"16\"></span> <strong>Air Terjun Ngurahlawo</strong></div>\r\n</div>\r\n<div class=\"x11i5rnm xat24cr x1mh8g0r x1vvkbs xtlvy1s x126k92a\">\r\n<div dir=\"auto\">Kecamatan Tamako terkenal dengan banyak destinasi wisata yang mempesona,salah satunya AIR TERJUN NGURAHLAWO.</div>\r\n</div>\r\n<div class=\"x11i5rnm xat24cr x1mh8g0r x1vvkbs xtlvy1s x126k92a\">\r\n<div dir=\"auto\">Air terjun ini terletak di kampung Lelipang kecamatan Tamako dapat dengan mudah di jangkau.Dari kota Tahuna hanya membutuhkan waktu sekitar 35 menit jika menggunakan sepeda motor untuk sampai di kampung Lelipang.Selanjutnya pengunjung akan menyusuri jalan perkebunan sekitar 20 menit,tidak perlu kuatir karena jalan ini sudah bagus dan selama perjalanan pengunjung bisa menikmati alam hutan tropis sangihe.Jikalau beruntung anda bisa melihat burung burung endemik sangihe yang masih bebas hidup di hutan ini.</div>\r\n</div>\r\n<div class=\"x11i5rnm xat24cr x1mh8g0r x1vvkbs xtlvy1s x126k92a\">\r\n<div dir=\"auto\">Air terjun Lelipang menyuguhkan 2 Air terjun yang berdekatan yang memiliki panorama alam indah,cocok untuk yang hobi petualang dan fotografi</div>\r\n</div>', 0, 1, '3.4851780746603764', '125.54026049416514', '1679657750408.cr paradise of sangihe.jpg', '2023-03-24 04:35:50', '2023-03-24 20:53:28', 'Tempat Parkir', NULL, 1),
(13, 'Pempanikiang Waterfall', 'Kampung Kendahe I', 'Kendahe', 17, '<p>Air Terjun Pempanikiang<br>Saat berkunjung ke air terjun Pempankiang seperti berada dalam batu raksasa karena dikelilingi oleh tebing batu dengan kemiringan hampir &nbsp;90 derajat. Airnya yang jernih dengan lokasi yang eksotik membuat kita betah beralama-lama di tempat ini.<br>30 Menit dari kota Tahuna di lanjutkan dengan menyusuri anak sungai sekitar 15 menit kita akan di suguhkan dengan panorama alam hutan tropis yang memanjakan mata.<br>Kalian semua wajib kesini teman <br>Jangan lupa untuk selalu menjaga kebersihan.Salah satunya dengan tidak membuang sampah plastik sembarangan &nbsp;</p>', 0, 1, '3.70340445306821', '125.41389405162789', '1679657892733.cr pos 2.jpg', '2023-03-24 04:38:12', '2023-03-24 20:55:00', 'Tempat Parkir', NULL, 1),
(14, 'Sura Kakewang Waterfall', 'Kampung Kendahe II', 'Kendahe', 17, '<div class=\"x11i5rnm xat24cr x1mh8g0r x1vvkbs xdj266r x126k92a\">\r\n<div dir=\"auto\"><strong>Air Terjun Sura Kakewang</strong></div>\r\n<div dir=\"auto\">&nbsp;</div>\r\n<div dir=\"auto\">Di tengah lebatnya hutan dan muara, sungai kakewang kecamatan kendahe menyimpan panorama dan kesejukan air terjun dengan tinggi kira-kira 20 meter sebuah sajian alam menakjubkan. Air terjun ini merupakan bagian dari aliran muara sungai yang berhulu langsung dari gunung api awu sangihe jadi tidak heran memiliki kemurnian dan kesejukan alam masih terlalu alami untuk di nikmati.</div>\r\n</div>\r\n<div class=\"x11i5rnm xat24cr x1mh8g0r x1vvkbs xtlvy1s x126k92a\">\r\n<div dir=\"auto\">Akses yang cukup menantang dan perlu kehati-hatian untuk sampai ke spot ini kiranya menjadi tantangan tersendiri yah, apalagi bagi para petualang penikmat alam bebas pasti selalu bisa menaklukkan bagian tampak sangihe yang keren ini.</div>\r\n<div dir=\"auto\">&nbsp;</div>\r\n<div dir=\"auto\"><span class=\"x3nfvp2 x1j61x8r x1fcty0u xdj266r xhhsvwb xat24cr xgzva0m xxymvpz xlup9mm x1kky2od\">Sumber Gambar :</span></div>\r\n<div dir=\"auto\"><span class=\"x3nfvp2 x1j61x8r x1fcty0u xdj266r xhhsvwb xat24cr xgzva0m xxymvpz xlup9mm x1kky2od\">1. Nessa Masihor</span></div>\r\n<div dir=\"auto\"><span class=\"x3nfvp2 x1j61x8r x1fcty0u xdj266r xhhsvwb xat24cr xgzva0m xxymvpz xlup9mm x1kky2od\">2. Laminding Tour Sangihe</span></div>\r\n</div>', 0, 1, '3.682027271635799', '125.42730793728295', '1679658255261.1.jpg', '2023-03-24 04:44:15', '2023-03-24 20:56:08', 'Tempat Parkir', NULL, 1),
(15, 'Pensu Waterfall', 'Kelurahan Pananekeng', 'Tahuna Timur', 13, '<div class=\"x11i5rnm xat24cr x1mh8g0r x1vvkbs xdj266r x126k92a\">\r\n<div dir=\"auto\"><strong>Air terjun Pensu, Pananekeng</strong></div>\r\n</div>\r\n<div class=\"x11i5rnm xat24cr x1mh8g0r x1vvkbs xtlvy1s x126k92a\">\r\n<div dir=\"auto\">Jalur pendakian gunung awu sangihe pananekeng memiliki kelebihan tersendiri. Sebab air terjun ini berada pada jalur lintasan tersebut yang terletak di wilayah pensu pananekeng, kecamatan Tahuna barat. Memiliki pemandangan yang mengagumkan, air yang jernih ini mengalir sangat deras memiliki wadah atau kolam mini terletak di hutan yang masih asri sehingga atmosfir udara terasa sangat segar.</div>\r\n</div>\r\n<div class=\"x11i5rnm xat24cr x1mh8g0r x1vvkbs xtlvy1s x126k92a\">\r\n<div dir=\"auto\">Akses jalan yang tidak jauh dari jalan utama wilayah pananekeng dan mudah di jangkau, spot yang satu ini sangat layak untuk di kelola, dan di kemas untuk menambah rekomendasi baru lokasi pariwisata di kepulauan Sangihe.</div>\r\n<div dir=\"auto\">&nbsp;</div>\r\n<div dir=\"auto\">Sumber Gambar :</div>\r\n<div dir=\"auto\">1. Everson Tatawi Pontolawokang</div>\r\n<div dir=\"auto\">2. Thian Ekon</div>\r\n</div>', 0, 1, '3.6316197149612095', '125.46138561509713', '1679658648518.cr everson tatawi pontolawokang.jpg', '2023-03-24 04:50:48', '2023-03-24 20:55:36', 'Tempat Parkir', NULL, 1),
(16, 'Batu Senggelohe', 'Kampung Lebo', 'Manganitu', 5, '<p><strong>Batu Senggelohe, Lebo</strong></p>\r\n<p>Batu Senggelohe ini merupakan salah satu batu yang berada di tengah laut, yang berada di Kampung Lebo, Kecamatan Manganitu. Para wisatawan bisa menempuh kurang lebih 45 menit dari Pusat Kota Tahuna untuk sampai di tempat ini. Untuk menyebrang ke Batu Senggelohe ini, bisa dengan menyewa perahu yang ada di pinggir pantai Pendarehokang - Salenggihing, ataupun Berjalan Kaki pada saat Air Surut.</p>\r\n<p>&nbsp;</p>\r\n<p>Sumber Gambar ;</p>\r\n<ol>\r\n<li>Maydelin Kondoahi</li>\r\n<li>Priscilia Tumewu</li>\r\n<li>Steven Paparang</li>\r\n<li>Yohanis Sahabat</li>\r\n</ol>', 10000, 2, '3.5023957328063022', '125.48567491604787', '1679659040352.cr priscillia tumewu.jpg', '2023-03-24 04:57:20', '2023-03-24 04:57:20', 'Tempat Parkir', NULL, 1),
(17, 'Batuwingkung Island', 'Kampung Batuwingkung', 'Tabukan Selatan', 9, '<p>Batuwingkung merupakan salah satu desa yang berada di kecamatan Tabukan Selatan, Kabupaten Kepulauan Sangihe, provinsi Sulawesi Utara, Indonesia</p>\r\n<p>Sumber gambar :</p>\r\n<ol>\r\n<li>Christy</li>\r\n<li>Arsip DISPARDA Sangihe</li>\r\n</ol>', 100000, 2, '3.5390097422417566', '125.65720182329676', '1679659261382.disparda.jpg', '2023-03-24 05:01:01', '2023-03-24 05:01:01', 'Toilet, Tempat Parkir', NULL, 1),
(18, 'Barangkalang Underwater', 'Kampung Barangkalang', 'Manganitu', 5, '<p><strong>Barangkalang <em>Underwater</em></strong></p>\r\n<p>Salah satu destinasi wisata wajib yang kamu kunjungi. Disini kamu bisa <em>diving&nbsp;</em>dan dimanjakan oleh pandangan terumbu karang yang cantik beserta ragam biota laut yang ada. Untuk destinasi harganya, sudah termasuk dengan alat snorkling yang bisa kamu dapatkan dengan menghubungi <span style=\"text-decoration: underline;\">Paket Wisata Sangihe</span></p>\r\n<p>&nbsp;</p>\r\n<p>Sumber Gambar :</p>\r\n<p>Jhonlihar (DISPARDA Sangihe)</p>', 100000, 4, '3.478753687777412', '125.49462327134435', '1679662022244.Jhonlihar_-_Barangkalang_-_Disparda_Kab_Sangihe_-_2021-1[1].jpg', '2023-03-24 05:47:02', '2023-03-24 05:47:02', 'Toilet, Tempat Parkir', NULL, 1),
(19, 'Bowong Banua', 'Kampung Batunderang', 'Manganitu Selatan', 6, '<p>Salah satu tempat yang tepat untuk menikmati sunset yang megah adalah \"BOWONG BANUA\" tempat ini begitu populer untuk para pecinta fotografi atau pengunjung yang hanya sekedar selfi bersama teman-teman,<br>Tidak sulit untuk datang ke sini,Berada tepat diantara kampung Sowaeng dan Kampung Batunderang di kecamatan Manganitu Selatan &nbsp;sekitar 90 Menit dari Kota Tahuna menggunakan sepeda motor.<br>Pengunjung selalu diwajibkan melapor atau meminta ijin kepada pemilik lahan maupun pemerintah kampung<br><br>Kalian semua wajib kesini teman.<br>Jangan lupa untuk selalu menjaga kebersihan ya.Salah satunya dengan tidak membuang sampah plastik sembarangan ya teman&nbsp;</p>\r\n<p>&nbsp;</p>\r\n<p>Sumber Foto :</p>\r\n<ol>\r\n<li>Destrong Parera</li>\r\n<li>Stenly Pontolawokang</li>\r\n<li>Dicky Makapuas</li>\r\n<li>Randi Tentonda</li>\r\n</ol>', 1, 3, '3.3701429495502', '125.61229160018318', '1679662679335.cr randi tentonda.jpg', '2023-03-24 05:57:59', '2023-03-24 05:57:59', 'Tempat Parkir', NULL, 1),
(20, 'Bukide Timur', 'Kampung Bukide Timur', 'Nusa Tabukan', 15, '<p><span lang=\"EN-US\">Kampung <strong>Bukide Timur</strong> terletak disebuah pulau yaitu pulau bukide yang membentang dari arah barat ke timur.</span></p>\r\n<p><span lang=\"EN-US\">Batas wilayah kampung bukide timur :</span></p>\r\n<ul>\r\n<li><span lang=\"EN-US\">Sebelah Utara berbatasan dengan laut Kec. Kendahe</span></li>\r\n<li><span lang=\"EN-US\">Sebelah selatan berbatasan dengan laut kecamatan tabukan selatan</span></li>\r\n<li><span lang=\"EN-US\">Sebelah timur berbatasan dengan laut kecamatan marore</span></li>\r\n<li><span lang=\"EN-US\">Dan sebelah barat berbatasan dengan kampung bukide.</span></li>\r\n</ul>\r\n<p><span lang=\"EN-US\">Kampung Bukide Timur memiliki kuliner yang khas yaitu kue amik dengan peralatan yang unik. Kampung bukide timur mempunyai wisata bahari yaitu pantai pasir putih kasaraeng, dengan panjang pantai 1300meter, bukide batu, pulau buang, dan terumbuh karang yang indah serta mamalia laut yang selalu berada di wilayah pesisir bukide timur, dikampung bukide timur juga terdapat spesies hewan endemik seperti khusus beruang (ursinusmelanoties), burung maleo dan punting (merpati laut/ducula bicolor)</span></p>\r\n<p><span lang=\"EN-US\">Kampung Bukide timur terletak di Kecamatan Nusa Tabukan, Kabupaten Kepulauan Sangihe. untuk menuju ke kampung bukide timur dari Kota Tahuna, ibu kota Sangihe, Pulau Bukide bisa dicapai sekitar dua jam perjalanan dengan perahu bermotor tempel.<br><br>Kawasan perairan Bukide Timur di Kepulauan Sangihe, Sulawesi Utara kaya dengan berbagai sumberdaya ikan, baik yang didominasi oleh ikan deho (sejenis ikan tongkol) dan ikan malalugis (sejenis ikan pelagis kecil bernama latin <em>Decapterus Macarellus</em>).</span></p>\r\n<p><span lang=\"EN-US\" style=\"font-size: 11.0pt; line-height: 107%; font-family: \'Calibri\',sans-serif; mso-ascii-theme-font: minor-latin; mso-fareast-font-family: Calibri; mso-fareast-theme-font: minor-latin; mso-hansi-theme-font: minor-latin; mso-bidi-font-family: \'Times New Roman\'; mso-bidi-theme-font: minor-bidi; mso-ansi-language: EN-US; mso-fareast-language: EN-US; mso-bidi-language: AR-SA;\">Di pesisir Bukide Timur tinggal warga sebanyak 475 jiwa, yang sekitar 75 persennya menggantungkan mata pencariannya sebagai nelayan. Tak heran, hasil tangkapan laut lalu menjadi harapan hidup masyarakat.<br style=\"mso-special-character: line-break;\"><!-- [if !supportLineBreakNewLine]--><br style=\"mso-special-character: line-break;\"><!--[endif]--></span></p>', 100000, 5, '3.7888492736970303', '125.6196717288571', '1679672162998.116560_small.jpg', '2023-03-24 08:36:02', '2023-03-24 08:36:02', 'Homestay / Penginapan, Toilet', NULL, 1),
(21, 'Gunung Api Bawah Laut Banua Wuhu', 'Kampung Mahengetang', 'Tatoareng', 7, '<p><strong>Banua Wuhu</strong> adalah gunung api bawah laut yang terletak di sebelah barat pulau Mahengetang, Kepulauan Sangihe, Indonesia. Gunung ini memiliki ketinggian 400 meter dari dasar laut dan puncaknya berada di kedalaman 5 meter di bawah permukaan air. Catatan sejarah menunjukkan bahwa beberapa pulau sementara terbentuk dan kemudian menghilang.<br>Jenis gunung : Submarine volcano, lava dome<br>Letusan terakhir : July to December 1919<br>Pulau setinggi 90 meter terbentuk pada tahun 1835, tetapi kemudian menjadi hanya beberapa batu pada tahun 1848. Letusan pada September 1889 membentuk sebuah pulau baru yang mencapai ketinggian 50 meter pada tahun 1894. Letusan pada bulan April dan Agustus 1904 membentuk 5 buah kawah.<br>Pulau baru lainnya terbentuk pada bulan Juli 1918 hingga Desember 1919, dan menghilang sepenuhnya pada tahun 1935. Letusan kembali terjadi pada bulan April 1919, batu-batu besar dan abu melanda pulau Mahengetang. Rumah-rumah banyak yang terbakar sehigga banyak penghuni yang meninggalkan pulau Mahengetang</p>\r\n<p>&nbsp;</p>\r\n<p>Sumber : DISPARDA Sangihe</p>', 300000, 4, '3.143276809131779', '125.49019846694547', '1679673066898.cr moses kalampung.jpg', '2023-03-24 08:51:06', '2023-03-24 08:51:06', 'Homestay / Penginapan, Toilet', NULL, 1),
(22, 'Gunung Awu', 'Kampung Utaurano', 'Tabukan Utara', 14, '<p><strong>Gunung Awu</strong> adalah gunung dengan jenis stratovolcano yang terletak di Kepulauan Sangihe. Memiliki ketinggian 1320 Mdpl. Berdasarkan sejarah, letusan besar gunung awu pernah terjadi pada tahun-tahun 1711, 1812, 1856, 1892 and 1966 yang menyebabkan lebih 8000 orang tewas akibat letusan gunung Awu.</p>\r\n<p>&nbsp;</p>\r\n<p>Sumber gambar :</p>\r\n<ol>\r\n<li>Andy Lahindo Gansalangi</li>\r\n<li>Marco Karwur</li>\r\n<li>Stvnpngky</li>\r\n<li>Dolvi Silangen</li>\r\n</ol>', 1000, 3, '3.6711070654002564', '125.49866713392849', '1679673606320.cr andy gansalangi.jpg', '2023-03-24 09:00:06', '2023-03-24 09:00:06', 'Tempat Parkir', NULL, 1),
(23, 'Desa Wisata Hesang', 'Kampung Hesang', 'Tamako', 8, '<p class=\"MsoNormal\" style=\"mso-margin-top-alt: auto; mso-margin-bottom-alt: auto; line-height: normal;\"><span lang=\"EN-US\" style=\"font-size: 12.0pt; font-family: \'Times New Roman\',serif; mso-fareast-font-family: \'Times New Roman\';\">Desa <strong>Hesang</strong> merupakan salah satu Desa di Kecamatan Tamako, yang berada di bagian Selatan dari Ibu Kota Kabupaten Kepulauan Sangihe. Batas-batas wilayah sebagai berikut :</span></p>\r\n<ul type=\"disc\">\r\n<li class=\"MsoNormal\" style=\"mso-margin-top-alt: auto; mso-margin-bottom-alt: auto; line-height: normal; mso-list: l0 level1 lfo1; tab-stops: list 36.0pt;\"><span lang=\"EN-US\" style=\"font-size: 12.0pt; font-family: \'Times New Roman\',serif; mso-fareast-font-family: \'Times New Roman\';\">Sebelah Utara berbatasan dengan Kampung Pokol</span></li>\r\n<li class=\"MsoNormal\" style=\"mso-margin-top-alt: auto; mso-margin-bottom-alt: auto; line-height: normal; mso-list: l0 level1 lfo1; tab-stops: list 36.0pt;\"><span lang=\"EN-US\" style=\"font-size: 12.0pt; font-family: \'Times New Roman\',serif; mso-fareast-font-family: \'Times New Roman\';\">Sebelah Timur berbatasan dengan Kampung Menggawa 1</span></li>\r\n<li class=\"MsoNormal\" style=\"mso-margin-top-alt: auto; mso-margin-bottom-alt: auto; line-height: normal; mso-list: l0 level1 lfo1; tab-stops: list 36.0pt;\"><span lang=\"EN-US\" style=\"font-size: 12.0pt; font-family: \'Times New Roman\',serif; mso-fareast-font-family: \'Times New Roman\';\">Sebelah Selatan berbatasan dengan Laut Sulawesi</span></li>\r\n<li class=\"MsoNormal\" style=\"mso-margin-top-alt: auto; mso-margin-bottom-alt: auto; line-height: normal; mso-list: l0 level1 lfo1; tab-stops: list 36.0pt;\"><span lang=\"EN-US\" style=\"font-size: 12.0pt; font-family: \'Times New Roman\',serif; mso-fareast-font-family: \'Times New Roman\';\">Sebelah Barat berbatasan dengan Laut Sulawesi</span></li>\r\n</ul>\r\n<p class=\"MsoNormal\" style=\"mso-margin-top-alt: auto; mso-margin-bottom-alt: auto; line-height: normal;\"><span lang=\"EN-US\" style=\"font-size: 12.0pt; font-family: \'Times New Roman\',serif; mso-fareast-font-family: \'Times New Roman\';\">&nbsp;&nbsp;&nbsp;&nbsp;&nbsp;&nbsp;&nbsp;&nbsp;&nbsp;&nbsp;&nbsp;&nbsp;&nbsp; Luas wilayah Desa Hesang adalah &plusmn;400 Ha, dan terdiri atas 3 (tiga) Lindongan. Desa Hesang juga berada pada ketinggian 76 Meter dari permukaan laut, dan secara keseluruhan Desa Hesang merupakan daerah tepi/pesisir pantai. &nbsp;Desa Hesang dicanangkan sebagai Desa Bersinar (Bersih Narkoba) oleh BNN.</span></p>\r\n<p class=\"MsoNormal\" style=\"mso-margin-top-alt: auto; mso-margin-bottom-alt: auto; line-height: normal;\"><span lang=\"EN-US\" style=\"font-size: 12.0pt; font-family: \'Times New Roman\',serif; mso-fareast-font-family: \'Times New Roman\';\">Di Desa Wisata Hesang ini, ada berbagai pilihan wisata, antara lain; Pantai. Hutan Manggrove, Kolam Renang, dsb.</span></p>\r\n<p class=\"MsoNormal\" style=\"mso-margin-top-alt: auto; mso-margin-bottom-alt: auto; line-height: normal;\"><span lang=\"EN-US\" style=\"font-size: 12.0pt; font-family: \'Times New Roman\',serif; mso-fareast-font-family: \'Times New Roman\';\">Sumber Gambar :</span></p>\r\n<ol>\r\n<li><span lang=\"EN-US\" style=\"font-size: 12.0pt; font-family: \'Times New Roman\',serif; mso-fareast-font-family: \'Times New Roman\';\">Arsip DISPARDA Sangihe</span></li>\r\n<li><span lang=\"EN-US\" style=\"font-size: 12.0pt; font-family: \'Times New Roman\',serif; mso-fareast-font-family: \'Times New Roman\';\">Stenly Pontolawokang</span></li>\r\n<li><span lang=\"EN-US\" style=\"font-size: 12.0pt; font-family: \'Times New Roman\',serif; mso-fareast-font-family: \'Times New Roman\';\">Audro Christofel</span></li>\r\n<li><span lang=\"EN-US\" style=\"font-size: 12.0pt; font-family: \'Times New Roman\',serif; mso-fareast-font-family: \'Times New Roman\';\">Fandri Ruminggu</span></li>\r\n</ol>', 10000, 2, '3.445329666980236', '125.5043137106983', '1679674688644.cr fandri ruminggu.jpg', '2023-03-24 09:18:08', '2023-03-24 09:18:08', 'Homestay / Penginapan, Toilet, Tempat Parkir', NULL, 1),
(24, 'Kolam Pesona Bahari', 'Kelurahan Kolongan Beha', 'Tahuna Barat', 13, '<p>Kolam Pesona Bahari merupakan salah satu destinasi wisata kolam renang yang ada di pesisir pantai. Kolam yang berjarak -+ 10 Menit dari pusat kota ini, berada di Kelurahan Kolongan Beha, Kec. Tahuna Barat. Ini bisa dijadikan salah satu tujuan wisata untuk liburan keluarga, karena menyediakan 2 kolam dengan kedalaman yang berbeda, untuk anak - anak dan dewasa. Cukup dengan membayar uang karcis 5.000, anda sudah bisa menikmati fasilitas yang ada. Disini juga tentunya disediakan toilet dan ruang ganti bagi wisatawan yang telah selesai bermain di kolam.</p>\r\n<p>Waktu terbaik untuk datang di kolam ini mulai dari sore hari hingga senja, karena pengunjung akan dimanjakan dengan pemandangan matahari tenggelam (<em>Sunset).</em></p>\r\n<p>&nbsp;</p>\r\n<p>Sumber Gambar :</p>\r\n<ol>\r\n<li>Arsip DISPARDA Sangihe</li>\r\n<li>Temmy Gaghana</li>\r\n<li>Everson Tatawi Pontolawokang</li>\r\n</ol>', 5000, 6, '3.631775099233066', '125.43063591611244', '1679675421882.cr temmy gaghana.jpg', '2023-03-24 09:30:21', '2023-03-24 09:30:21', 'Toilet, Tempat Parkir', NULL, 1),
(25, 'Kolam Pesona Bahari', 'Kelurahan Kolongan Beha', 'Tahuna Barat', 13, '<p>Kolam Pesona Bahari merupakan salah satu destinasi wisata kolam renang yang ada di pesisir pantai. Kolam yang berjarak -+ 10 Menit dari pusat kota ini, berada di Kelurahan Kolongan Beha, Kec. Tahuna Barat. Ini bisa dijadikan salah satu tujuan wisata untuk liburan keluarga, karena menyediakan 2 kolam dengan kedalaman yang berbeda, untuk anak - anak dan dewasa. Cukup dengan membayar uang karcis 5.000, anda sudah bisa menikmati fasilitas yang ada. Disini juga tentunya disediakan toilet dan ruang ganti bagi wisatawan yang telah selesai bermain di kolam.</p>\r\n<p>Waktu terbaik untuk datang di kolam ini mulai dari sore hari hingga senja, karena pengunjung akan dimanjakan dengan pemandangan matahari tenggelam (<em>Sunset).</em></p>\r\n<p>&nbsp;</p>\r\n<p>Sumber Gambar :</p>\r\n<ol>\r\n<li>Arsip DISPARDA Sangihe</li>\r\n<li>Temmy Gaghana</li>\r\n<li>Everson Tatawi Pontolawokang</li>\r\n</ol>', 5000, 6, '3.631775099233066', '125.43063591611244', '1679675493662.cr temmy gaghana.jpg', '2023-03-24 09:31:33', '2023-03-24 09:31:33', 'Toilet, Tempat Parkir', NULL, 1),
(26, 'Lapeto', 'Kelurahan Angges', 'Tahuna Barat', 13, '<p><strong>Lapeto</strong><br>Lokasi yang menurut cerita rakyat adalah tempat pemandian bidadari ini cukup populer di kalangan masyarakat kelurahan Angges dan sekitarnya,hampir setiap akhir pekan atau hari libur lokasi ini cukup ramai dikunjungi oleh pengunjung,baik itu dari masyarakat lokal atau yang datang dari luar kelurahan Angges.<br>Aktivitas yang cocok saat berkunjung kesini adalah Camping atau Berenang dikarenakan tempat ini dikelilingi oleh vegetasi hutan yang cukup lebat dan sungai yang airnya sangat jernih membuat kita betah berlama lama di Lapeto.<br>Akses menuju lokasi ini juga tidak terlalu jauh hanya butuh waktu sekitar 10 Menit saja dari Kelurahan Angges dengan mengendarai sepeda motor. Pengunjung akan dengan mudah menemukan lokasi ini karena masyarakat terutama anak anak muda dilokasi tersebut akan dengan senang hati menunjukan lokasi ini.<br>So, buat kalian yang jenuh dengan hiruk pikuk kebisingan kota atau ingin merasakan suasana yang berbeda tidak ada salahnya memilih lokasi ini untuk menepi sejenak dari penatnya suasana kota.</p>\r\n<p>&nbsp;</p>\r\n<p>Sumber : Paradise Of Sangihe</p>', 0, 4, '3.6357191030684857', '125.45672084678431', '1679675967368.cr pos 1.jpg', '2023-03-24 09:39:27', '2023-03-24 09:39:27', 'Tempat Parkir', NULL, 1),
(27, 'Maselihe', 'Kampung Kendahe II', 'Kendahe', 17, '<p>Jembatan&nbsp;<strong>Maselihe&nbsp;</strong>adalah salah satu jembatan terpanjang yang ada di Kabupaten Kepulauan Sangihe, dan juga merupakan jembatan tertinggi yang ada di Sulawesi Utara.</p>\r\n<p>Dibalik keindahan panorama hutan tropis yang masih lebat, tebing yang kokoh di tepi pantai, dan panorama yang memesona, jembatan ini pun menyimpan cerita legenda tentang kerajaan yang tenggelam ke bawah laut.</p>\r\n<p>Di sana tersimpan misteri Kerajaan Maselihe yang saat itu hilang ditelan laut, akibat skandal yang dilakukan Raja Sjam Sjah Alam (Samansialang)--memerintah dari tahun 1685&ndash;1711, dengan kursi kerajaan dan Mahkota emas yang dijaga ikan hiu di Patahan Maselihe.</p>\r\n<p>\"Kerajaan ini dulu merupakan sebagian daratan pulau Sangir (Sangihe) yang tenggelam karena impuluse (awan hitam tebal berkumpul jadi satu, lalu jatuh dalam bentuk air yang berat), sehingga daratan menjadi laut, termasuk pulau Kaluwulang.</p>\r\n<p>Nah, ini yang diperkirakan waktu tenggelamnya kerajaan, yakni pada 1654 masehi. Demikian cerita Asisten Deputi Lingkungan dan Kebencanaan Maritim, Kemenko Maritim Sahat Panggabean, dalam&nbsp;<em>Maritim.go.id</em>&nbsp;(2/5/2017).</p>\r\n<p>&nbsp;</p>\r\n<p>Sumber artikel : goodnewsfromindonesia.id</p>\r\n<p>Sumber Gambar :</p>\r\n<ol>\r\n<li>Andy Lahindo Gansalangi</li>\r\n<li>Vidy Dumais</li>\r\n<li>Chrisanta Padang</li>\r\n<li>Cika Vidya</li>\r\n<li>Sofi Sugiarto</li>\r\n<li>Sangihe Dumarela</li>\r\n</ol>', 0, 4, '3.665919143971262', '125.40959623573387', '1679676530605.cr ag.jpg', '2023-03-24 09:48:50', '2023-03-24 09:48:50', 'Tempat Parkir', NULL, 1),
(28, 'Nanedakele', 'Kampung Nanedakele', 'Nusa Tabukan', 15, '<p><strong>Nanedakele</strong> merupakan salah satu desa yang berada di kecamatan Nusa Tabukan, Kabupaten Kepulauan Sangihe. Berada pada suatu pulau, membuat Nanedakele ini memiliki beragam keindahan alam yang tersedia, salah satunya keindahan pada pesisir pantai, hingga keragaman pesona biota laut yang ada.</p>\r\n<p>Sumber Gambar ;</p>\r\n<ol>\r\n<li>Arsip DISPARDA Sangihe</li>\r\n<li>Sintia Wurangian</li>\r\n</ol>', 250000, 5, '3.761661603865431', '125.5656326929597', '1679676944799.1credits sintia wurangian.jpg', '2023-03-24 09:55:44', '2023-03-24 09:55:44', 'Toilet', NULL, 1),
(29, 'Pantai Bado', 'Petta Selatan', 'Tabukan Utara', 14, '<p>Pantai Bado - Kec Tabukan Utara<br>Pantai ini merupakan nirwana tersembunyi di tanjung lepe Petta Selatan kecamatan Tabukan utara. Pantai ini terpisah dari perumahan penduduk sehingga kesan naturalnya masih sangat terasa.<br>Akses menuju ke Pantai Bado pun tidak sulit. Saat tiba di Kampung Leppe Petta kita akan menaiki bukit kemudian turun ke pantainya sekitar 15-20 menit saja berjalan kaki. Akan tetapi semua lelah akan terbayar saat tiba di pantai yang begitu indah. Pantai ini Sangat cocok untuk rekreasi keluarga, Snorkeling &amp; Sunbathing.<br><br></p>\r\n<p>Sumber :</p>\r\n<ol>\r\n<li>Paradise of Sangihe</li>\r\n<li>Alvalino Kasenda</li>\r\n</ol>', 0, 2, '3.649536479725285', '125.56986008867051', '1679677226973.cr alvalino kasenda.jpg', '2023-03-24 10:00:26', '2023-03-24 10:00:26', 'Tempat Parkir', NULL, 1),
(30, 'Pantai Kapehetang', 'Nagha I', 'Tamako', 8, '<p><strong>Pantai Kapehetang&nbsp;</strong>merupakan salah satu pantai yang ada di tanjung tamako, dengan pesona pasir putih serta laut yang indah untuk memanjakan mata. Untuk sampai ke pantai ini, pengunjung harus berjalan melalui setapak yang ada di tanjung selama -+ 5 menit.</p>\r\n<p>Pengunjung bisa menikmati keindahan pantai kapehetang secara gratis. Disini juga terdapat UMKM Warga Lokal yang menyediakan berbagai makanan dan minuman, jadi teman - teman tidak perlu merasa takut akan kelaparan. Di pantai kapehetang ini juga, terdapat beberapa fasilitas yang ada seperti tempat duduk untuk bersantai, rumah payung, dsb.</p>\r\n<p>&nbsp;</p>\r\n<p>Sumber Gambar :</p>\r\n<ol>\r\n<li>Meylan Johanis</li>\r\n<li>Nevalda Makapuas</li>\r\n<li>Maydelin Kondoahi</li>\r\n</ol>', 5000, 2, '3.4599899343893217', '125.49455600019492', '1679677746413.credits meylan johanis.jpg', '2023-03-24 10:09:06', '2023-03-24 10:09:06', 'Toilet, Tempat Parkir', NULL, 1),
(31, 'Pantai Kasaraeng', 'Pulau Bukide', 'Nusa Tabukan', 15, '<p><strong>Pantai Kasaraeng&nbsp;</strong>merupakan salah satu pantai yang ada di Pulau Bukide, Kec. Nusa Tabukan, Kab. Kepl. Sangihe. Pemandangan yang begitu asri dan belum tersentuh oleh tangan manusia, membuat Pantai ini sangat menawan. Pengunjung juga akan dimanjakan dengan hamparan pasir putih, dan juga keindahan bawah laut yang tak kalah indah.</p>\r\n<p>Sumber Gambar :</p>\r\n<ol>\r\n<li>Arsip DISPARDA Sangihe</li>\r\n<li>Radit Kalase</li>\r\n<li>E. Lahinda</li>\r\n</ol>', 100000, 2, '3.791588584662781', '125.61133268382548', '1679678444342.cr radit kalase 1.jpg', '2023-03-24 10:20:44', '2023-03-24 10:20:44', 'Toilet', NULL, 1),
(32, 'Pantai Talambaeng', 'Pulau Bukide', 'Nusa Tabukan', 15, '<div class=\"x11i5rnm xat24cr x1mh8g0r x1vvkbs xdj266r x126k92a\">\r\n<div dir=\"auto\"><strong>Pantai Talambaeng</strong></div>\r\n<div dir=\"auto\">Kampung Bukide,&nbsp;Kec. Nusa Tabukan, Sangihe-Sulut</div>\r\n<div dir=\"auto\">Salah satu pantai yang ada di Pulau Bukide ini, menyimpan berbagai keindahan, antara lain;</div>\r\n<div dir=\"auto\"><span class=\"x3nfvp2 x1j61x8r x1fcty0u xdj266r xhhsvwb xat24cr xgzva0m xxymvpz xlup9mm x1kky2od\">- </span>Pantai Pasir Putih</div>\r\n<div dir=\"auto\">- Puncak Talambaeng</div>\r\n<div dir=\"auto\"><span class=\"x3nfvp2 x1j61x8r x1fcty0u xdj266r xhhsvwb xat24cr xgzva0m xxymvpz xlup9mm x1kky2od\">- </span>View Gugusan Pulau Nusa Tabukan</div>\r\n<div dir=\"auto\"><span class=\"x3nfvp2 x1j61x8r x1fcty0u xdj266r xhhsvwb xat24cr xgzva0m xxymvpz xlup9mm x1kky2od\">- </span>Swafoto</div>\r\n<div dir=\"auto\"><span class=\"x3nfvp2 x1j61x8r x1fcty0u xdj266r xhhsvwb xat24cr xgzva0m xxymvpz xlup9mm x1kky2od\">- </span>Snorkling</div>\r\n</div>\r\n<div class=\"x11i5rnm xat24cr x1mh8g0r x1vvkbs xtlvy1s x126k92a\">\r\n<div dir=\"auto\">Untuk menuju ke Lokasi ini, wisatawan&nbsp;bisa melalui Pelabuhan Petta atau Tambatan Belakang Kantor POS Petta dengan menggunakan Perahu (<em>Speedboat, Pamo, Pumpboat</em>) yang ada disana. Rata-rata pengunjung menggunakan Perahu Pumpboat dengan kisaran waktu 45-50 Menit.</div>\r\n<div dir=\"auto\">Pantai Talambaeng sangat dekat dengan Pulau POA (10-15 Menit)</div>\r\n<div dir=\"auto\">&nbsp;</div>\r\n<div dir=\"auto\">Sumber ;</div>\r\n<div dir=\"auto\">1. Sagu Bijak</div>\r\n<div dir=\"auto\">2. Julian Pesik</div>\r\n</div>', 100000, 2, '3.78820578297887', '125.58854454207132', '1679678878220.cr julian pesik.jpg', '2023-03-24 10:27:58', '2023-03-24 10:27:58', 'Toilet', NULL, 1),
(33, 'Pantai Kutu', 'Salurang', 'Tabukan Selatan Tengah', 11, '<p><strong>Pantai Kutu</strong></p>\r\n<p>Salah satu dari sekian banyak pantai yang indah di bagian Tabukan Selatan Tengah dan sekitarnya adalah Pantai Kutu.T epat berada di sebelah pantai Malahi yang fenomenal, Pantai Kutu juga menawarkan panorama sangat indah. Pengunjung bisa berfoto,snorkeling atau berjemur. Aktifitas ini sering dilakukan oleh sebagian besar pencinta wisata pantai.<br>Perjalanan sekitar 90 Menit dari Kota Tahuna menuju Kampung Salurang menggunakan sepeda motor, pengunjung akan di suguhkan dengan panorama alam yang luar biasa indahnya.</p>\r\n<p>Sumber ;</p>\r\n<ol>\r\n<li>Paradise Of Sangihe</li>\r\n<li>Everson Tatawi Pontolawokang</li>\r\n<li>Anita Tatontos</li>\r\n</ol>', 0, 2, '3.4842408777256972', '125.66553260407167', '1679679174651.cr pos2.jpg', '2023-03-24 10:32:54', '2023-03-24 10:32:54', 'Tempat Parkir', NULL, 1),
(34, 'Malahi Beach', 'Kampung Salurang', 'Tabukan Selatan Tengah', 11, '<div dir=\"auto\">Lukisan alami yang tertera pada alam Sangihe, Pantai Malahi di Salurang, kecamatan Tabukan Selatan Tengah, sebagai lukisan itu.</div>\r\n<div dir=\"auto\">Rasanya ingin berlama-lama di pantai eksotis ini, deburan ombak dan halusnya pasir putih memberikan semangat untuk tetap cinta Tanah Sangihe.</div>\r\n<div dir=\"auto\">Cukup dengan waktu -+ 90 menit dari pusat kota Tahuna, kalian sudah bisa sampai di pantai ini. Didepannya ada dua pulau Beeng Laut dan Beeng Darat.</div>\r\n<div dir=\"auto\">&nbsp;</div>\r\n<div dir=\"auto\">Sumber :</div>\r\n<ol>\r\n<li>Andy Lahindo Gansalangi</li>\r\n<li>Paradise of Sangihe</li>\r\n<li>Nessa Masihor</li>\r\n<li>Agung Mariahi</li>\r\n<li>Agung Satya</li>\r\n<li>Anita Tatontos</li>\r\n<li>Maksper Makaampo Makagansa</li>\r\n<li>Nevalda Makapuas</li>\r\n<li>Septian Gilbert</li>\r\n<li>Bali Rocky</li>\r\n</ol>', 0, 2, '3.489661214336501', '125.66857678666163', '1679679539178.credits septian gilbert.jpg', '2023-03-24 10:38:59', '2023-03-24 10:38:59', 'Tempat Parkir', NULL, 1),
(35, 'Pananualeng Beach', 'Tariang Baru', 'Tabukan Tengah', 12, '<p>Objek Wisata Pantai Pananualeng Terletak di sebelah timur desa Tariang Baru, Tabukan Tengah Kepulauan Sangihe, Sulawesi Utara.Objek Wisata Pantai Pananualeng mudah dijangkau dari Tahuna (sekitar 26 km) dengan menggunakan Kendaraan pribadi maupun kendaraan umum. Pantai ini merupakan tempat yang ideal untuk berjemur, berenang, relaksasi bersama keluarga. Perahu tradisional tersedia disini baik untuk digunakan berperahu maupun memancing.</p>\r\n<p>Sumber gambar :</p>\r\n<ol>\r\n<li>Arsip DISPARDA Sangihe</li>\r\n<li>Dicky Makapuas</li>\r\n<li>C. Gntm</li>\r\n<li>Viona Ulaan</li>\r\n</ol>', 10000, 2, '3.6240584500113697', '125.58564548701871', '1679679777546.Credits c.gntm_.jpg', '2023-03-24 10:42:57', '2023-03-24 10:42:57', 'Toilet, Tempat Parkir', NULL, 1),
(36, 'Sapaeng Beach', 'Kuma', 'Tabukan Tengah', 12, '<p><strong>Pantai Sapaeng Kuma</strong></p>\r\n<p>bisa menjadi salah satu pilihan destinasi wisata yang ada di Kampung Kuma. Sangat cocok untuk dijadikan alternatif berlibur bersama keluarga. Memiliki pasir putih dan pemandangan yang memanjakan mata siapapun yang berkunjung kesini.</p>\r\n<p>&nbsp;</p>\r\n<p>Sumber gambar :</p>\r\n<ol>\r\n<li>Arsip DISPARDA Sangihe</li>\r\n<li>April Salindeho</li>\r\n<li>Cr49anto</li>\r\n<li>Mouren Oyand</li>\r\n<li>Reynaldi Thungari</li>\r\n<li>Mr. Bapontar</li>\r\n</ol>', 10000, 2, '3.581927623712171', '125.57960142948347', '1679680062668.cr april salindeho.jpg', '2023-03-24 10:47:42', '2023-03-24 10:47:42', 'Toilet, Tempat Parkir', NULL, 1),
(37, 'Sapaeng Beach', 'Kuma', 'Tabukan Tengah', 12, '<p><strong>Pantai Sapaeng Kuma</strong></p>\r\n<p>bisa menjadi salah satu pilihan destinasi wisata yang ada di Kampung Kuma. Sangat cocok untuk dijadikan alternatif berlibur bersama keluarga. Memiliki pasir putih dan pemandangan yang memanjakan mata siapapun yang berkunjung kesini.</p>\r\n<p>&nbsp;</p>\r\n<p>Sumber gambar :</p>\r\n<ol>\r\n<li>Arsip DISPARDA Sangihe</li>\r\n<li>April Salindeho</li>\r\n<li>Cr49anto</li>\r\n<li>Mouren Oyand</li>\r\n<li>Reynaldi Thungari</li>\r\n</ol>', 10000, 2, '3.581927623712171', '125.57960142948347', '1679680137169.cr april salindeho.jpg', '2023-03-24 10:48:57', '2023-03-24 10:48:57', 'Toilet, Tempat Parkir', NULL, 1),
(38, 'Tambung Beach', 'Tambung', 'Tabukan Selatan Tengah', 11, '<p><strong>Pantai Tambung</strong><br>Satu lagi pantai di bagian Tabukan Selatan Tengah yang cukup menyita perhatian warga sangihe PANTAI TAMBUNG.Sebagai destinasi unggulan di kampung Tambung pantai ini terus berbenah menjadi salah satu tempat wisata menarik di Pulau Sangihe.Pantai Tambung menawarkan panorama pantai yang indah dimana terdapat 3 pantai dan pulau pulau kecil di depan &nbsp;serta pemandangan Pulau Beng Laut di kejauhan.Pantai ini sangat ramai setiap hari oleh pengunjung yang datang seperti beribadah atau sekedar rekreasi pantai.<br>Dikelola baik oleh BUMDES pantai ini terus menambah fasilitas rekreasi seperti Tempat bersantai,Aula,Jetsky, sewa alat snorkeling,Perahu motor dll &nbsp;akan dengan mudah di dapat dan di sewa di pantai ini.<br>Pantai tambung terletak di bagian selatan Pulau Sangihe,tepatnya di kampung Tambung kecamatan Tabukan selatan tengah,Dapat diakses kurang lebih 90 menit dari kota Tahuna menggunakan sepeda motor dengan akses jalan yang sudah sangat baik.Retribusi masuk juga sangat terjangkau Rp 3.000/Org dan sudah bisa menikmati fasilitas spot foto.</p>\r\n<p>&nbsp;</p>\r\n<p>Sumber Gambar :</p>\r\n<ol>\r\n<li>Paradise of Sangihe</li>\r\n<li>RST Media Center</li>\r\n<li>Maydelin Kondoahi</li>\r\n</ol>', 3000, 2, '3.4405445383628876', '125.66653229874824', '1679680318414.rst 2.jpg', '2023-03-24 10:51:58', '2023-03-24 10:51:58', 'Tempat Parkir, Toilet', NULL, 1),
(39, 'Para Lelle', 'Pulau Para', 'Tatoareng', 7, '<p><strong>Para Lelle&nbsp;</strong>merupakan salah satu desa wisata yang ada di Kabupaten Kepulauan Sangihe.</p>\r\n<p>Pesona deretan pulau-pulau, pesisir pantai putih, keindahan taman bawa laut, pepohonan hijau, serta keramahan penduduk sekitar, melengkapi warna-warni keindahan kepulauan Tatoareng. WAJIB KESINI.</p>\r\n<p>&nbsp;</p>\r\n<p>Sumber :</p>\r\n<ol>\r\n<li>Arsip DISPARDA Sangihe</li>\r\n<li>Audro Christofel</li>\r\n<li>Ch37ya</li>\r\n</ol>', 1000000, 5, '3.068639408903329', '125.500192098337', '1679680771234.credits audro chrustofel.jpg', '2023-03-24 10:59:31', '2023-03-24 10:59:31', 'Homestay / Penginapan, Toilet, Resepsionis, Tempat Parkir', NULL, 1),
(40, 'Bebalang Island', 'Pulau Bebalang', 'Manganitu Selatan', 6, '<p><span lang=\"EN-US\"><strong>Pulau Bebalang</strong>, merupakan pulau yang memiliki keindahan dan pantai yang berpasir putih. Dibeberapa sudut pulau terdapat tebing &ndash; tebing yang terjal&nbsp; bagaikan menara yang akan menembus langit, selain itu&nbsp; disetiap pemukiman penduduk yang berada di pingiran pantai dihiasi oleh keindahan pantai pasir putih dan terumbuh karang.</span></p>\r\n<p><span lang=\"EN-US\">Disebelah selatan pulau terdapat&nbsp; hamparan terumbu karang yang luas memanjang&nbsp; &nbsp;mengikuti panjangnya pantai pasir putih. Pulau Bebalang merupakan satu pemerintahan Kampung Bebalang Kecamatan Manganitu Selatan dan memiliki 3 lindongan dimana &nbsp;Pulau Mendaku dan Dakupang termasuk didalamnya.</span></p>\r\n<p><span lang=\"EN-US\">Di Pulau ini tersedia demaga namun hanya untuk tambatan Perahu lokal, namun untuk Sarana Air Bersih telah cukup tersedia untuk kebutuhan penduduk&nbsp; pulau. Vegetasi yang ada dipulau ini berupa tanaman kelapa dan jenis kayu &ndash; kayuan, selain itu dipulau ini masih bisa ditanami tanaman campuran untuk kebutuhan sehari &ndash; hari penduduk pulau, hal ini&nbsp; dapat dilihat dibeberapa sudut pulau bahkan di pekarangan rumah penduduk terdapat tanaman&nbsp; campuran.</span></p>\r\n<p><span lang=\"EN-US\">Pemandangan yang mungkin tidak didapatkan di perkampungan lainnya di luar Kabupaten Kepulauan Sangihe adalah jika ada anggota keluarga yang meninggal&nbsp; selalu dikuburkan / dimakamkan di samping rumah ataupun bahkan didepan rumah, bahkan biasanya bangunan kuburan ini dibuat lebih bagus dari pada rumah tinggal. Hal ini menandakan penghargaan kepada orang yang telah meninggal sangat &ndash; sangat besar. Untuk menuju kepulau Bebalang dari Kota Tahuna Ibukota Kabupaten Kepulauan Sangihe dapat menggunakan transportasi angkutan laut dengan waktu tempuh 1 jam dengan ongkos Rp. 35.000,- Untuk efisiensi waktu dapat menyewa speed boat dengan waktu tempuh 1/2 jam.</span></p>\r\n<p>&nbsp;</p>\r\n<p><span lang=\"EN-US\">Sumber Gambar :</span></p>\r\n<ol>\r\n<li><span lang=\"EN-US\">Arsip DISPARDA Sangihe</span></li>\r\n<li><span lang=\"EN-US\">April Salindeho</span></li>\r\n<li><span lang=\"EN-US\">Ivan Budiman</span></li>\r\n<li><span lang=\"EN-US\">Milton Elias</span></li>\r\n<li><span lang=\"EN-US\">Mitha Tulumang</span></li>\r\n</ol>', 35000, 5, '3.3422805946892935', '125.5785309270672', '1679681045740.122347_small.jpg', '2023-03-24 11:04:05', '2023-03-24 11:04:05', 'Toilet, Homestay / Penginapan', NULL, 1),
(41, 'Buang Island', 'Pulau Buang', 'Nusa Tabukan', 15, '<div class=\"x11i5rnm xat24cr x1mh8g0r x1vvkbs xdj266r x126k92a\">\r\n<div dir=\"auto\"><strong>Buang <em>Island</em></strong></div>\r\n<div dir=\"auto\">&nbsp;</div>\r\n<div dir=\"auto\">Pulau \"Buang\" memang seperti di lukis pesonanya. Pulau kecil yang tak berpenghuni ini memiliki keunikan tersendiri karna memiliki danau di dalamnya perpaduan antara air tawar dgn air asin pantai. Perjalanan kesini dapat dilakukan dari wilayah kecamatan Tabukan utara selama kira-kira 45 menit menggunakan transportasi laut.</div>\r\n</div>\r\n<div class=\"x11i5rnm xat24cr x1mh8g0r x1vvkbs xtlvy1s x126k92a\">\r\n<div dir=\"auto\">Dari banyaknya spot-spot indah di pulau sangihe, Pulau Buang yang terletak di area Nusa Tabukan ini juga layak dijadikan destinasi wisata. Setibanya jangan lupa untuk tidak meninggalkan sampah bawaan apalagi sampah plastik, agar pulau kecil ini selalu indah air lautnya tak tercemarkan.</div>\r\n<div dir=\"auto\">&nbsp;</div>\r\n<div dir=\"auto\">Sumber Gambar :</div>\r\n<ol>\r\n<li>Arsip DISAPARDA Sangihe</li>\r\n<li>Ucil Anemon</li>\r\n<li>Yanthy Bulegalangi</li>\r\n<li>Amad Baiki</li>\r\n<li>Destrong Parera</li>\r\n<li>Josh Pontoh</li>\r\n<li>Paradise of Sangihe</li>\r\n</ol>\r\n</div>', 100000, 5, '3.8785814171272865', '125.71440063425203', '1679681380958.credit andythe13, inframe madd baiki.png', '2023-03-24 11:09:40', '2023-03-24 11:09:40', 'Toilet', NULL, 1),
(42, 'Dakupang n Mendaku Island', 'Bebalang', 'Manganitu Selatan', 6, '<p>Pulau Dakupang dan Pulau Mendaku merupakan Pulau yang terletak di Kecamatan Manganitu Selatan Sangihe ini, letaknya berdekatan kurang lebih 50 Meter.</p>\r\n<p>Pulau Dakupang memiliki pengertian Pulau dipeluk (Dakupang = Dipeluk), Dipeluk ini memiliki pengertian masyarakat lokal, kemungkinan karena letak pulau yang berada di tengah/dikelilingi oleh pulau&ndash;pulau kecil lainnya yang ada di sekitarnya. Keindahan yang ditawarkan&nbsp;berupa potensi sumber daya alam yang meliputi keindahan Biota Laut (terumbu karang dan ikan dengan berbagai jenis), selain itu juga, pengunjung akan di manjakan dengan pemandangan hamparan pasir putih nan indah, pemandangan Sunrise dan Sunset yang luar biasa indah.</p>\r\n<p>&nbsp;</p>\r\n<p>Sumber Gambar :</p>\r\n<ol>\r\n<li>Arsip DISPARDA Sangihe</li>\r\n<li>Ramon Budiman</li>\r\n<li>Detha Andreita</li>\r\n<li>Everson Tatawi Pontolawokang</li>\r\n</ol>', 50000, 5, '3.3678927192671497', '125.57194070704409', '1679682313713.cr detha andreita.jpg', '2023-03-24 11:25:13', '2023-03-24 11:25:13', 'Toilet, Homestay / Penginapan', NULL, 1),
(43, 'Kalama Island', 'Kalama', 'Tatoareng', 7, '<p><strong>Pulau Kalama&nbsp;</strong>merupakan salah satu pulau yang ada di Kecamatan Tatoareng, Kabupaten Kepulauan Sangihe.</p>\r\n<p>Keindahan alam dengan pemandangan yang sangat indah, ada disini. Hamparan pasir putih, warna biru laut yang ada, tak kalah indah dengan pulau - pulau yang lain.</p>\r\n<p>Pengunjung yang datang akan merasakan betapa masyarakat setempat masih sangat bersahaja dan mempertahankan budaya mereka.</p>\r\n<p>Sumber Gambar :&nbsp;Stenly Pontolawokang</p>', 100000, 5, '3.2475716634157927', '125.45585071460418', '1679682568161.1.jpg', '2023-03-24 11:29:28', '2023-03-24 11:29:28', 'Homestay / Penginapan, Toilet', NULL, 1),
(44, 'Poa Island', 'Nanusa', 'Nusa Tabukan', 15, '<p><strong>Pulau Poa</strong></p>\r\n<p>Nama Poa diambil dari bahasa sekitar, yang artinya kepiting. Hal itu karena bentuk pulau itu menyerupai kepiting.</p>\r\n<p>Untuk tiba di pulau cantik ini, dari Kota Tahuna, ibu kota Kabupaten Sangihe, dapat menggunakan motor ojek/angkutan umum menuju ke pelabuhan Petta Kec Tabukan Utara.</p>\r\n<p>Kapal ini ada yang melayani angkutan umum dan bisa di sewa. Tidak ada tarif khusus untuk sewa, tergantung negosiasi antara teman dan pemilik pambut. Harganya bisa berkisar Rp 200 ribu- Rp 300 ribu untuk sekali jalan dengan maximal lima orang penumpang.&nbsp;Perjalanan ke Pulau Poa bisa ditempuh sekitar 30 Menit saja.</p>\r\n<p>Sebagai Catatan setiap pengunjung wajib melapor kepada pemerintah setempat (Nusa Tabukan) saat akan berkunjung.&nbsp;Pengunjung akan di antar langsung oleh tukang kapal untuk melapor. Jika mendapat ijin maka di wajibkan hanya mematuhi peraturan dan himbauan dari pemerintah termasuk menjaga kebersihan dan kelestarian alam di pulau.</p>\r\n<p>&nbsp;</p>\r\n<p>Sumber Gambar :</p>\r\n<ol>\r\n<li>Arsip DISPARDA Sangihe</li>\r\n<li>Bielly Sindua</li>\r\n<li>EatSingTravel</li>\r\n<li>Paradise of Sangihe</li>\r\n<li>Sintia Wurangian</li>\r\n<li>Septian Gilbert</li>\r\n<li>Madd Baiki</li>\r\n</ol>', 200000, 5, '3.79672943141104', '125.5666317783924', '1679682978939.1.jpg', '2023-03-24 11:36:18', '2023-03-24 11:36:18', 'Toilet', NULL, 1),
(45, 'Puncak Batu Karuka', 'Batunderang', 'Manganitu Selatan', 6, '<p><strong>Puncak Batu Karuka</strong></p>\r\n<p>Merupakan puncak yang ada di Batunderang, dengan pemandangan yang memperlihatkan Pulau Kalama, Para, Mahengetang, Kahakitang, Tagulandang, Siau, Bebalang, Mandaku, dan Dakupang.</p>\r\n<p>Sumber Gambar : Arsip DISPARDA Sangihe</p>', 10000, 3, '3.3597052553746183', '125.61196968708647', '1679683215618.IMG_2836.JPG', '2023-03-24 11:40:15', '2023-03-24 11:40:15', 'Toilet, Homestay / Penginapan, Tempat Parkir', NULL, 1),
(46, 'Puncak Lenganeng', 'Lenganeng', 'Tabukan Utara', 14, '<p><strong>Puncak Lenganeng</strong></p>\r\n<p>Puncak Lenganeng Tahuna - Tabukan Utara Buka Tiap Hari Mulai Jam 4 Sore. Lewat Jalan yang ke arah Panenteng Lose, 200 m belok kanan sebelum tower TVRI ada baliho nama wisata puncak.</p>\r\n<p>Para pengunjung akan disuguhkan dengan pemandangan Kota Tahuna. Puncak Lenganeng juga cocok untuk menjadi tempang&nbsp;<em>Camping</em>.</p>\r\n<p>Sumber Gambar :</p>\r\n<ol>\r\n<li>Sangihe Stories</li>\r\n<li>Alfian Walukow</li>\r\n<li>Christian Tambingon</li>\r\n</ol>', 0, 3, '3.631220911665056', '125.50495345799038', '1679683511126.credits sangihe stories.jpg', '2023-03-24 11:45:11', '2023-03-24 11:45:11', 'Tempat Parkir', NULL, 1),
(47, 'Puncak Peding Bio', 'Kalinda', 'Tamako', 8, '<p><strong>Puncak Peding Bio</strong></p>\r\n<p>Puncak ini bisa kamu kunjungi dengan waktu -+ 30 menit dari Pusat Kecamatan Tamako.</p>\r\n<p>Wisatawan yang berkunjung akan terpesona dengan pemandangan teluk, laut, dan daratan Kecamatan Tamako - Manganitu Selatan.</p>\r\n<p>&nbsp;</p>\r\n<p>Sumber Gambar :</p>\r\n<ol>\r\n<li>Paradise of Sangihe</li>\r\n<li>Andy Lahindo Gansalangi</li>\r\n<li>Destrong Parera</li>\r\n</ol>', 5000, 3, '3.4356133533557163', '125.53732548716488', '1679683859547.credits paradise of sangihe.jpg', '2023-03-24 11:50:59', '2023-03-24 11:50:59', 'Tempat Parkir, Toilet', NULL, 1),
(48, 'Puncak Pusunge', 'Pusunge', 'Tabukan Utara', 14, '<div class=\"x11i5rnm xat24cr x1mh8g0r x1vvkbs xdj266r x126k92a\">\r\n<div dir=\"auto\"><strong>Puncak Pusunge</strong></div>\r\n<div dir=\"auto\">&nbsp;</div>\r\n</div>\r\n<div class=\"x11i5rnm xat24cr x1mh8g0r x1vvkbs xtlvy1s x126k92a\">\r\n<div dir=\"auto\">Bagi orang Sangihe mungkin tempat wisata yang satu ini tidaklah asing dan menjadi andalan berwisata di alam perbukitan. Tapi akan lebih seru dan menarik lagi jika ada saudara, teman, kerabat kita yang kebetulan tiba di tanah sangihe, bisa mengajak berwisata ke spot yang mudah di jangkau ini hanya membutuhkan waktu 20 menit dari pusat kota Tahuna.</div>\r\n</div>\r\n<div class=\"x11i5rnm xat24cr x1mh8g0r x1vvkbs xtlvy1s x126k92a\">\r\n<div dir=\"auto\">Puncak Pusunge yang masuk administrasi kampung Pusunge Kecamatan Tabukan Utara memiliki panorama alam yg sangat menarik. Pengunjung akan disambut dgn hawa udara dingin &amp; sangat asri.dari ketinggian ini berbagai viev cantik menawarkan pemandangan kota Tahuna (teluk Tahuna), belakang puncak background2 menarik pulau2 kecil nampak dari ketinggian, pagi hari sunrise dan sunset di waktu sore hingga pemandangan di malam hari.</div>\r\n<div dir=\"auto\">&nbsp;</div>\r\n<div dir=\"auto\">Sumber ;</div>\r\n<ol>\r\n<li>Arsip DISPARDA Sangihe</li>\r\n<li>Everson Tatawi Pontolawokang</li>\r\n<li>Audro Christofel</li>\r\n<li>Nickey Haribulan</li>\r\n<li>Bali Rocky</li>\r\n</ol>\r\n</div>', 10000, 3, '3.6305630705830625', '125.50533749831607', '1679685694960.IMG_3918[1].jpg', '2023-03-24 12:21:34', '2023-05-28 19:54:59', 'Toilet, Homestay / Penginapan, Tempat Parkir', NULL, 2),
(49, 'Puncak Tola Panenteng', 'Tola', 'Tabukan Utara', 14, '<p>Puncak Tola Panenteng lokasi Agriwisata yang banyak dikunjungi warga Sangihe, disini bisa ditemukan beberapa tanaman pangan, salah satunya adalah ubi jalar (Ipomoea batatas). Dahulu masyarakat Sangihe tidak tergantung dengan beras, tapi lebih kepada tanaman pangan lokal seperti Sagu, ubi dan ubi jalar. Di tahun 2017 Pemerintah Kabupaten Kepulauan Sangihe kemudian membuat kebijakan berupa himbauan pada program dua hari tanpa nasi, masyarakat dihimbau untuk kembali mengkonsumsi pangan lokal pada hari Selasa dan hari Jumat. upaya ini diharapkan dapat meningkatkan taraf perekonomian para petani pangan lokal. (Stenly Pontolawokang)</p>\r\n<p>Sumber Gambar :</p>\r\n<ol>\r\n<li>Ch37ya</li>\r\n<li>Stenly Pontolawokang</li>\r\n<li>Dys Salamate</li>\r\n<li>Bielly Sindua</li>\r\n<li>Andika Harindah</li>\r\n<li>Denny Frust24</li>\r\n</ol>', 5000, 3, '3.626714534793682', '125.52521565592036', '1679686012914.credits ch37ya.jpg', '2023-03-24 12:26:52', '2023-03-24 12:26:52', 'Tempat Parkir, Toilet', NULL, 1),
(50, 'Shipwreck', 'Teluk Tahuna', 'Tahuna', 13, '<p>Sumber Gambar :</p>\r\n<ol>\r\n<li>Arsip DISPARDA Sangihe</li>\r\n<li>Glenn Wantalangi</li>\r\n</ol>', 100000, 4, '3.608095923824143', '125.49125255586003', '1679686594525.credits glenn wantalangi.jpg', '2023-03-24 12:36:34', '2023-03-24 12:36:34', 'Tempat Parkir, Toilet', NULL, 1),
(52, 'Spot Dive Enempahembang', 'Enempahembang', 'Tahuna Timur', 13, '<p>Sumber Gambar : Bielly Sindua</p>', 0, 4, '3.587030908249647', '125.49186098302872', '1679686854319.credits bielly sindua.jpg', '2023-03-24 12:40:54', '2023-03-24 12:40:54', 'Tempat Parkir', NULL, 1);
INSERT INTO `wisatas` (`id`, `nama_wisata`, `alamat_wisata`, `kecamatan_wisata`, `daerah_wisata`, `deskripsi_tempat`, `biaya_tiket`, `kategori`, `longitude`, `latitude`, `gambar_wisata`, `created_at`, `updated_at`, `fasilitas`, `link_traveloka`, `pengunjung`) VALUES
(53, 'Cape Lelapide', 'Lelapide', 'Tamako', 8, '<p><strong>TANJUNG LELAPIDE</strong></p>\r\n<p><br>Sangihe, adalah kepulauan yang tidak memiliki garis pantai panjang. Setiap garis pantainya dibatasi oleh tanjung.<br>Pada jaman dulu hingga kini, tanjung digunakan sebagai batas wilayah. Misalnya tanjung Lembawua dijadikan batas antara kerajaan Tahuna dan Manganitu; tanjung Lelapide dijadikan batas antara kerajaan Manganitu dan kedjoguguan Tamako.<br>Kini, tanjung Lelapide dijadikan batas antara desa Barangkalang dengan kampung Nagha II; dan sekaligus batas antara kecamatan Manganitu dan Tamako.<br>Lelapide merupakan gabungan dari lela dan apide (bahasa Sangihe). Lela adalah salah satu jenis tiram laut berbentuk kerucut. Sedangkan apide artinya dibawa serta.<br>Dikisahkan bahwa pada jaman dulu di sekitar Lelapide terdapat banyak bia (tiram) lela. Pemanah ikan meskipun telah mendapat ikan yang banyak, namun mereka selalu mengapide (membawa serta) bia lela.<br>Dalam perkembangannya, lokasi yang terdapat banyak bia lela itu diberi nama Lelapide, yang artinya lelah dibawa serta.</p>\r\n<p>Tanjung Lelapide ini bisa kamu temui dengan berkendara -+ 1 jam dari Kota Tahuna, dan berjalan kaki melalui setapak -+ 10 menit. Di Tanjung Lelapide ini juga terdapat monumen Salib berwarna putih, yang terlihat jelas jika kamu melewati tanjung ini dengan menggunakan kapal laut atau transportasi laut lainnya.</p>\r\n<p>&nbsp;</p>\r\n<p>Sumber Gambar :</p>\r\n<ol>\r\n<li>IG Dialoog Tahuna</li>\r\n<li>Dicky Makapuas</li>\r\n<li>Imanuel Chan</li>\r\n<li>Jovady Jouny Joseph</li>\r\n<li>Leonardo Chandra</li>\r\n</ol>', 0, 7, '3.4676694331641986', '125.4850200846757', '1679717255721.cr dialoog tahuna.jpg', '2023-03-24 21:07:35', '2023-03-24 21:07:35', 'Tempat Parkir', NULL, 1),
(54, 'Tanjung Malepe (Pantai Mehong)', 'Palareng', 'Tabukan Selatan', 9, '<div class=\"x11i5rnm xat24cr x1mh8g0r x1vvkbs xdj266r x126k92a\">\r\n<div dir=\"auto\"><strong>Asal Usul Nama Kampung Palareng</strong></div>\r\n<div dir=\"auto\">&nbsp;</div>\r\n</div>\r\n<div class=\"x11i5rnm xat24cr x1mh8g0r x1vvkbs xtlvy1s x126k92a\">\r\n<div dir=\"auto\">Asal usul nama Palareng merupakan perubahan bentuk dan lafal dari kata papalraraeng (bahasa Sangihe). Huruf PA di depan A terakhir direduksi, dan huruf LR berubah L, sehingga menjadi palareng dan oleh tua-tua kampung diabadikan sebagai nama pemukiman.</div>\r\n</div>\r\n<div class=\"x11i5rnm xat24cr x1mh8g0r x1vvkbs xtlvy1s x126k92a\">\r\n<div dir=\"auto\">Dikisahkan bahwa pada jaman dahulu kala terdapat terdapat 4 (empat) orang nelayan asal Mindanao-Philipina Selatan. Mereka berbulan-bulan di laut menangkap ikan dengan menggunakan soma (pukat).</div>\r\n</div>\r\n<div class=\"x11i5rnm xat24cr x1mh8g0r x1vvkbs xtlvy1s x126k92a\">\r\n<div dir=\"auto\">Suatu waktu, soma mereka (karena sudah lama digunakan) sobek, lalu mereka mencari daratan untuk menambalnya. Mereka menuju ke sebuah tanjung yang bernama Malepe, yang sebelumnya merupakan tempat pemujaan para nelayan untuk meminta hasil tangkapan ikan agar banyak.</div>\r\n</div>\r\n<div class=\"x11i5rnm xat24cr x1mh8g0r x1vvkbs xtlvy1s x126k92a\">\r\n<div dir=\"auto\">Mereka berempat menambal soma yang sobek dengan sebuah alat yang terbuat dari bambu, yang dikenal oleh masyarakat setempat dengan nama papalareng.</div>\r\n</div>\r\n<div class=\"x11i5rnm xat24cr x1mh8g0r x1vvkbs xtlvy1s x126k92a\">\r\n<div dir=\"auto\">Secara etimologi atau harfiah, arti Palareng sama dengan papalraraeng, yakni alat untuk menambal soma (pukat).</div>\r\n</div>\r\n<div class=\"x11i5rnm xat24cr x1mh8g0r x1vvkbs xtlvy1s x126k92a\">\r\n<div dir=\"auto\">Ket. Dihimpun dan dirangkum dari berbagai sumber</div>\r\n<div dir=\"auto\">&nbsp;</div>\r\n<div dir=\"auto\">Sumber Gambar :</div>\r\n<p dir=\"auto\">1. Arsip DISPARDA Sangihe</p>\r\n<p dir=\"auto\">2. Sintia Wurangian</p>\r\n<p dir=\"auto\">3. Septian Gilbert</p>\r\n<p dir=\"auto\">4. Sagu Bijak</p>\r\n<p dir=\"auto\">5. Laminding Tour Sangihe</p>\r\n<div dir=\"auto\">&nbsp;</div>\r\n</div>', 0, 2, '3.5194337197032146', '125.66070771660704', '1679717706863.sintia wurangian.jpg', '2023-03-24 21:15:06', '2023-03-24 21:15:06', 'Tempat Parkir, Toilet', NULL, 1),
(55, 'Cape Panemburang', 'Kampung Bebu', 'Tamako', 8, '<div class=\"x11i5rnm xat24cr x1mh8g0r x1vvkbs xdj266r x126k92a\">\r\n<div dir=\"auto\"><strong>Tanjung \"Panemburang\" Bebu</strong></div>\r\n<div dir=\"auto\">&nbsp;</div>\r\n</div>\r\n<div class=\"x11i5rnm xat24cr x1mh8g0r x1vvkbs xtlvy1s x126k92a\">\r\n<div dir=\"auto\">Tanjung yang panjang menjorok ke laut ini juga adalah merupakan bagian pemandangan alam dari sisi sudut-sudut di Kepulauan Sangihe.</div>\r\n<div dir=\"auto\">Kalau lagi di desa Bebu disinilah tempat cocok untuk jalan sore menikmati hamparan ombak, desiran angin bertiup sembari menunggu alam menyajikan panorama Sunset.</div>\r\n</div>\r\n<div class=\"x11i5rnm xat24cr x1mh8g0r x1vvkbs xtlvy1s x126k92a\">\r\n<div dir=\"auto\">Tanjung Panemburang bukan spot wisata tapi sangat cocok dijadikan referensi insan manusia dalam menikmati dan mengabadikan moment dgn panorama alam yang exotic, sehingga tempat ini dijadikan Icon kebanggaan desa Bebu Kecamatan Tamako.</div>\r\n<div dir=\"auto\">Tidak ada biaya retribusi untuk sampai ke titik ini, cukup menjaga kebersihan dgn tidak membuang sampah setiap berkunjung.</div>\r\n<div dir=\"auto\">&nbsp;</div>\r\n<div dir=\"auto\">Sumber :</div>\r\n<ol>\r\n<li>Everson Tatawi Pontolawokang</li>\r\n<li>Audro Christofel Rompas</li>\r\n<li>Anita Tatontos</li>\r\n<li>Irgan R</li>\r\n<li>Jufri Pontoh</li>\r\n<li>Marfi Gumogar</li>\r\n<li>Sintia Wurangian</li>\r\n</ol>\r\n</div>', 0, 7, '3.408151121844892', '125.53368966187547', '1679718040243.cr irgan r.jpg', '2023-03-24 21:20:40', '2023-03-24 21:20:40', 'Tempat Parkir', NULL, 1),
(56, 'Cape Simueng', 'Kampung Simueng', 'Tabukan Selatan', 9, '<p><strong>Tanjung Simueng</strong></p>\r\n<p>Daerah Tabukan Selatan memang kaya akan panorama alam yang mempesona,Kampung Simueng salah satunya selain dikenal dengan Air Terjun Saru Eli,tempat &nbsp;juga menawarkan pesona menarik dari Tanjung Simueng yang tepat berada di bibir pantai kampung ini.Bersebelahan dengan pantai Sapaeng Simueng yang cantik tanjung ini sangat cocok dijadikan spot foto yang Instagramable,dimana dikejauhan terlihat jelas Pulau Laotongan dan sekitarnya termasuk Pantai Kalama Pulau Tehang.<br>Tidak sulit menemukan lokasi ini,kalian bisa sampai dengan mudah di kampung Simueng dengan naik angkutan umum dari kota Tahuna dengan membayar Rp 25.000 atau bisa menggunakan sepeda motor dengan akses kurang lebih 35 menit dengan kecepatan 40-50 Km/jam. Saat sore hari tak jauh dari tanjung ini terdapat pantai Simueng yang sangat ramai oleh anak anak muda yang bermain volly pantai atau sekedar duduk santai jadi kalian bisa dengan mudah bertanya lokasi Tanjung Simueng dan dengan sangat ramah anak anak tersebut mengantarkan kesana.<br>Jangan lupa juga tepat dibawah tanjung ini terdapat pantai Sapaeng yang sudah terkenal dengan keindahannya kalian bisa berenang dang berfoto disana.</p>\r\n<p>&nbsp;</p>\r\n<p>Sumber : Viktor Takarasel</p>', 0, 7, '3.536854170119055', '125.61504366107397', '1679718374110.1.jpg', '2023-03-24 21:26:14', '2023-03-24 21:26:14', 'Tempat Parkir', NULL, 1);

--
-- Indexes for dumped tables
--

--
-- Indeks untuk tabel `daerahs`
--
ALTER TABLE `daerahs`
  ADD PRIMARY KEY (`id`);

--
-- Indeks untuk tabel `failed_jobs`
--
ALTER TABLE `failed_jobs`
  ADD PRIMARY KEY (`id`),
  ADD UNIQUE KEY `failed_jobs_uuid_unique` (`uuid`);

--
-- Indeks untuk tabel `fasilitas`
--
ALTER TABLE `fasilitas`
  ADD PRIMARY KEY (`id`);

--
-- Indeks untuk tabel `gambars`
--
ALTER TABLE `gambars`
  ADD PRIMARY KEY (`id`);

--
-- Indeks untuk tabel `gambar_hotels`
--
ALTER TABLE `gambar_hotels`
  ADD PRIMARY KEY (`id`);

--
-- Indeks untuk tabel `hotels`
--
ALTER TABLE `hotels`
  ADD PRIMARY KEY (`id`);

--
-- Indeks untuk tabel `kategoris`
--
ALTER TABLE `kategoris`
  ADD PRIMARY KEY (`id`);

--
-- Indeks untuk tabel `migrations`
--
ALTER TABLE `migrations`
  ADD PRIMARY KEY (`id`);

--
-- Indeks untuk tabel `password_resets`
--
ALTER TABLE `password_resets`
  ADD KEY `password_resets_email_index` (`email`);

--
-- Indeks untuk tabel `pembayarans`
--
ALTER TABLE `pembayarans`
  ADD PRIMARY KEY (`id`);

--
-- Indeks untuk tabel `personal_access_tokens`
--
ALTER TABLE `personal_access_tokens`
  ADD PRIMARY KEY (`id`),
  ADD UNIQUE KEY `personal_access_tokens_token_unique` (`token`),
  ADD KEY `personal_access_tokens_tokenable_type_tokenable_id_index` (`tokenable_type`,`tokenable_id`);

--
-- Indeks untuk tabel `users`
--
ALTER TABLE `users`
  ADD PRIMARY KEY (`id`),
  ADD UNIQUE KEY `users_email_unique` (`email`);

--
-- Indeks untuk tabel `wisatas`
--
ALTER TABLE `wisatas`
  ADD PRIMARY KEY (`id`),
  ADD KEY `kategori` (`kategori`),
  ADD KEY `daerah_wisata` (`daerah_wisata`);

--
-- AUTO_INCREMENT untuk tabel yang dibuang
--

--
-- AUTO_INCREMENT untuk tabel `daerahs`
--
ALTER TABLE `daerahs`
  MODIFY `id` bigint(20) UNSIGNED NOT NULL AUTO_INCREMENT, AUTO_INCREMENT=18;

--
-- AUTO_INCREMENT untuk tabel `failed_jobs`
--
ALTER TABLE `failed_jobs`
  MODIFY `id` bigint(20) UNSIGNED NOT NULL AUTO_INCREMENT;

--
-- AUTO_INCREMENT untuk tabel `fasilitas`
--
ALTER TABLE `fasilitas`
  MODIFY `id` bigint(20) UNSIGNED NOT NULL AUTO_INCREMENT, AUTO_INCREMENT=6;

--
-- AUTO_INCREMENT untuk tabel `gambars`
--
ALTER TABLE `gambars`
  MODIFY `id` bigint(20) UNSIGNED NOT NULL AUTO_INCREMENT, AUTO_INCREMENT=457;

--
-- AUTO_INCREMENT untuk tabel `gambar_hotels`
--
ALTER TABLE `gambar_hotels`
  MODIFY `id` bigint(20) UNSIGNED NOT NULL AUTO_INCREMENT, AUTO_INCREMENT=11;

--
-- AUTO_INCREMENT untuk tabel `hotels`
--
ALTER TABLE `hotels`
  MODIFY `id` bigint(20) UNSIGNED NOT NULL AUTO_INCREMENT, AUTO_INCREMENT=3;

--
-- AUTO_INCREMENT untuk tabel `kategoris`
--
ALTER TABLE `kategoris`
  MODIFY `id` bigint(20) UNSIGNED NOT NULL AUTO_INCREMENT, AUTO_INCREMENT=8;

--
-- AUTO_INCREMENT untuk tabel `migrations`
--
ALTER TABLE `migrations`
  MODIFY `id` int(10) UNSIGNED NOT NULL AUTO_INCREMENT, AUTO_INCREMENT=5;

--
-- AUTO_INCREMENT untuk tabel `pembayarans`
--
ALTER TABLE `pembayarans`
  MODIFY `id` bigint(20) UNSIGNED NOT NULL AUTO_INCREMENT, AUTO_INCREMENT=2;

--
-- AUTO_INCREMENT untuk tabel `personal_access_tokens`
--
ALTER TABLE `personal_access_tokens`
  MODIFY `id` bigint(20) UNSIGNED NOT NULL AUTO_INCREMENT;

--
-- AUTO_INCREMENT untuk tabel `users`
--
ALTER TABLE `users`
  MODIFY `id` bigint(20) UNSIGNED NOT NULL AUTO_INCREMENT, AUTO_INCREMENT=3;

--
-- AUTO_INCREMENT untuk tabel `wisatas`
--
ALTER TABLE `wisatas`
  MODIFY `id` bigint(20) UNSIGNED NOT NULL AUTO_INCREMENT, AUTO_INCREMENT=57;

--
-- Ketidakleluasaan untuk tabel pelimpahan (Dumped Tables)
--

--
-- Ketidakleluasaan untuk tabel `wisatas`
--
ALTER TABLE `wisatas`
  ADD CONSTRAINT `wisatas_ibfk_1` FOREIGN KEY (`kategori`) REFERENCES `kategoris` (`id`) ON DELETE CASCADE ON UPDATE CASCADE,
  ADD CONSTRAINT `wisatas_ibfk_2` FOREIGN KEY (`daerah_wisata`) REFERENCES `daerahs` (`id`) ON DELETE CASCADE ON UPDATE CASCADE;
COMMIT;

/*!40101 SET CHARACTER_SET_CLIENT=@OLD_CHARACTER_SET_CLIENT */;
/*!40101 SET CHARACTER_SET_RESULTS=@OLD_CHARACTER_SET_RESULTS */;
/*!40101 SET COLLATION_CONNECTION=@OLD_COLLATION_CONNECTION */;
